Year,Month,Year_Month,Number_Of_Sunspots
1749,1,1749.04,96.7
1749,2,1749.12,104.3
1749,3,1749.2,116.7
1749,4,1749.29,92.8
1749,5,1749.37,141.7
1749,6,1749.46,139.2
1749,7,1749.54,158
1749,8,1749.62,110.5
1749,9,1749.71,126.5
1749,10,1749.79,125.8
1749,11,1749.87,264.3
1749,12,1749.96,142
1750,1,1750.04,122.2
1750,2,1750.12,126.5
1750,3,1750.2,148.7
1750,4,1750.29,147.2
1750,5,1750.37,150
1750,6,1750.46,166.7
1750,7,1750.54,142.3
1750,8,1750.62,171.7
1750,9,1750.71,152
1750,10,1750.79,109.5
1750,11,1750.87,105.5
1750,12,1750.96,125.7
1751,1,1751.04,116.7
1751,2,1751.12,72.5
1751,3,1751.2,75.5
1751,4,1751.29,94
1751,5,1751.37,101.2
1751,6,1751.46,84.5
1751,7,1751.54,110.5
1751,8,1751.62,99.7
1751,9,1751.71,39.2
1751,10,1751.79,38.7
1751,11,1751.87,47.5
1751,12,1751.96,73.3
1752,1,1752.04,58.3
1752,2,1752.12,83.3
1752,3,1752.21,118.3
1752,4,1752.29,98.8
1752,5,1752.37,99.5
1752,6,1752.46,66
1752,7,1752.54,130.7
1752,8,1752.62,48.8
1752,9,1752.71,45.2
1752,10,1752.79,77.7
1752,11,1752.87,62.7
1752,12,1752.96,66.7
1753,1,1753.04,73.3
1753,2,1753.12,53.3
1753,3,1753.2,76.2
1753,4,1753.29,63.3
1753,5,1753.37,60
1753,6,1753.46,52.8
1753,7,1753.54,36.7
1753,8,1753.62,65
1753,9,1753.71,46.7
1753,10,1753.79,41.7
1753,11,1753.87,33.3
1753,12,1753.96,11.2
1754,1,1754.04,0
1754,2,1754.12,5
1754,3,1754.2,2.8
1754,4,1754.29,22.8
1754,5,1754.37,34.5
1754,6,1754.46,44.5
1754,7,1754.54,31.3
1754,8,1754.62,20.5
1754,9,1754.71,13.7
1754,10,1754.79,40.2
1754,11,1754.87,22
1754,12,1754.96,7
1755,1,1755.04,17
1755,2,1755.12,18.7
1755,3,1755.2,11.3
1755,4,1755.29,10.8
1755,5,1755.37,0
1755,6,1755.46,0
1755,7,1755.54,14.3
1755,8,1755.62,5.3
1755,9,1755.71,29.7
1755,10,1755.79,39.5
1755,11,1755.87,11.3
1755,12,1755.96,33.3
1756,1,1756.04,20.8
1756,2,1756.12,11.8
1756,3,1756.21,9
1756,4,1756.29,15.7
1756,5,1756.37,20.8
1756,6,1756.46,21.5
1756,7,1756.54,6
1756,8,1756.62,10.7
1756,9,1756.71,19.7
1756,10,1756.79,23.8
1756,11,1756.87,28.3
1756,12,1756.96,15.7
1757,1,1757.04,23.5
1757,2,1757.12,35.3
1757,3,1757.2,43.7
1757,4,1757.29,50
1757,5,1757.37,63.5
1757,6,1757.46,21.3
1757,7,1757.54,41.7
1757,8,1757.62,85.5
1757,9,1757.71,66.2
1757,10,1757.79,54.2
1757,11,1757.87,107.8
1757,12,1757.96,55.8
1758,1,1758.04,62.7
1758,2,1758.12,86.7
1758,3,1758.2,81.7
1758,4,1758.29,120.5
1758,5,1758.37,77.3
1758,6,1758.46,75
1758,7,1758.54,73.3
1758,8,1758.62,64.5
1758,9,1758.71,104.2
1758,10,1758.79,62.8
1758,11,1758.87,71.7
1758,12,1758.96,71.7
1759,1,1759.04,80.5
1759,2,1759.12,73.3
1759,3,1759.2,78
1759,4,1759.29,78.3
1759,5,1759.37,81.7
1759,6,1759.46,83.3
1759,7,1759.54,85
1759,8,1759.62,118.8
1759,9,1759.71,128.7
1759,10,1759.79,99.5
1759,11,1759.87,77.2
1759,12,1759.96,95
1760,1,1760.04,112.2
1760,2,1760.12,99.2
1760,3,1760.21,124.5
1760,4,1760.29,97.2
1760,5,1760.37,120
1760,6,1760.46,80.5
1760,7,1760.54,110
1760,8,1760.62,126
1760,9,1760.71,102.2
1760,10,1760.79,84.3
1760,11,1760.87,99.5
1760,12,1760.96,101.7
1761,1,1761.04,116.7
1761,2,1761.12,151.7
1761,3,1761.2,134.5
1761,4,1761.29,119.5
1761,5,1761.37,178.7
1761,6,1761.46,165.5
1761,7,1761.54,156.8
1761,8,1761.62,151.8
1761,9,1761.71,167.8
1761,10,1761.79,147.8
1761,11,1761.87,149.5
1761,12,1761.96,76.7
1762,1,1762.04,73
1762,2,1762.12,121.3
1762,3,1762.2,76.2
1762,4,1762.29,100.3
1762,5,1762.37,66.5
1762,6,1762.46,128.5
1762,7,1762.54,56.3
1762,8,1762.62,112.8
1762,9,1762.71,114.2
1762,10,1762.79,115.5
1762,11,1762.87,129.7
1762,12,1762.96,128.7
1763,1,1763.04,94.2
1763,2,1763.12,53.2
1763,3,1763.2,57
1763,4,1763.29,54.8
1763,5,1763.37,54.5
1763,6,1763.46,59.7
1763,7,1763.54,90.3
1763,8,1763.62,44.2
1763,9,1763.71,113.5
1763,10,1763.79,77.2
1763,11,1763.87,101.5
1763,12,1763.96,102.3
1764,1,1764.04,99.5
1764,2,1764.12,99.5
1764,3,1764.21,67
1764,4,1764.29,57.3
1764,5,1764.37,73.8
1764,6,1764.46,50
1764,7,1764.54,50
1764,8,1764.62,50
1764,9,1764.71,47
1764,10,1764.79,46.7
1764,11,1764.87,43.3
1764,12,1764.96,42.8
1765,1,1765.04,40
1765,2,1765.12,43.3
1765,3,1765.2,41.7
1765,4,1765.29,36.7
1765,5,1765.37,33.7
1765,6,1765.46,33.3
1765,7,1765.54,45
1765,8,1765.62,49.5
1765,9,1765.71,26.7
1765,10,1765.79,23.3
1765,11,1765.87,23.3
1765,12,1765.96,21.7
1766,1,1766.04,20
1766,2,1766.12,18.3
1766,3,1766.2,61
1766,4,1766.29,10
1766,5,1766.37,44.7
1766,6,1766.46,5
1766,7,1766.54,5.5
1766,8,1766.62,6.7
1766,9,1766.71,7.2
1766,10,1766.79,8.3
1766,11,1766.87,9.5
1766,12,1766.96,32
1767,1,1767.04,45.7
1767,2,1767.12,50
1767,3,1767.2,71.7
1767,4,1767.29,54.8
1767,5,1767.37,49.7
1767,6,1767.46,55.5
1767,7,1767.54,36.5
1767,8,1767.62,68
1767,9,1767.71,71.2
1767,10,1767.79,73.5
1767,11,1767.87,91.2
1767,12,1767.96,88.8
1768,1,1768.04,89.2
1768,2,1768.12,110.2
1768,3,1768.21,77.2
1768,4,1768.29,71.2
1768,5,1768.37,129.5
1768,6,1768.46,129
1768,7,1768.54,87.7
1768,8,1768.62,111.3
1768,9,1768.71,124.7
1768,10,1768.79,129.7
1768,11,1768.87,151
1768,12,1768.96,186.3
1769,1,1769.04,123.2
1769,2,1769.12,107
1769,3,1769.2,107.2
1769,4,1769.29,161.2
1769,5,1769.37,122.7
1769,6,1769.46,157.3
1769,7,1769.54,197.7
1769,8,1769.62,200.5
1769,9,1769.71,248
1769,10,1769.79,263.7
1769,11,1769.87,246.8
1769,12,1769.96,186.7
1770,1,1770.04,173.3
1770,2,1770.12,237.5
1770,3,1770.2,133.5
1770,4,1770.29,85
1770,5,1770.37,116.8
1770,6,1770.46,138.8
1770,7,1770.54,183
1770,8,1770.62,210.5
1770,9,1770.71,174
1770,10,1770.79,172.7
1770,11,1770.87,220.3
1770,12,1770.96,170.5
1771,1,1771.04,60
1771,2,1771.12,77
1771,3,1771.2,77.8
1771,4,1771.29,108.2
1771,5,1771.37,254.5
1771,6,1771.46,199.2
1771,7,1771.54,112.8
1771,8,1771.62,97.5
1771,9,1771.71,169
1771,10,1771.79,150
1771,11,1771.87,166.2
1771,12,1771.96,159.5
1772,1,1772.04,168.2
1772,2,1772.12,151.3
1772,3,1772.21,51.8
1772,4,1772.29,153.7
1772,5,1772.37,63.3
1772,6,1772.46,95
1772,7,1772.54,128.8
1772,8,1772.62,93.7
1772,9,1772.71,84.2
1772,10,1772.79,131
1772,11,1772.87,102.2
1772,12,1772.96,106.7
1773,1,1773.04,91
1773,2,1773.12,48.3
1773,3,1773.2,85.3
1773,4,1773.29,54.8
1773,5,1773.37,68.5
1773,6,1773.46,47.3
1773,7,1773.54,46.2
1773,8,1773.62,21.2
1773,9,1773.71,48.8
1773,10,1773.79,43.8
1773,11,1773.87,68.2
1773,12,1773.96,72
1774,1,1774.04,78
1774,2,1774.12,109
1774,3,1774.2,92.8
1774,4,1774.29,73
1774,5,1774.37,85.5
1774,6,1774.46,47.5
1774,7,1774.54,29.2
1774,8,1774.62,11
1774,9,1774.71,13.2
1774,10,1774.79,23.3
1774,11,1774.87,29.5
1774,12,1774.96,20.3
1775,1,1775.04,7.3
1775,2,1775.12,0
1775,3,1775.2,19.3
1775,4,1775.29,18.7
1775,5,1775.37,6.5
1775,6,1775.46,20.5
1775,7,1775.54,1.7
1775,8,1775.62,13.2
1775,9,1775.71,5.3
1775,10,1775.79,9.3
1775,11,1775.87,25.2
1775,12,1775.96,13.2
1776,1,1776.04,36.2
1776,2,1776.12,19.3
1776,3,1776.21,10.5
1776,4,1776.29,36.3
1776,5,1776.37,18.7
1776,6,1776.46,31.7
1776,7,1776.54,1.7
1776,8,1776.62,40.3
1776,9,1776.71,26.7
1776,10,1776.79,50
1776,11,1776.87,58.3
1776,12,1776.96,66.7
1777,1,1777.04,75
1777,2,1777.12,60.8
1777,3,1777.2,65
1777,4,1777.29,159.2
1777,5,1777.37,133.8
1777,6,1777.46,134.5
1777,7,1777.54,158.3
1777,8,1777.62,186.7
1777,9,1777.71,193.7
1777,10,1777.79,177.5
1777,11,1777.87,243.3
1777,12,1777.96,262.2
1778,1,1778.04,295.5
1778,2,1778.12,182.2
1778,3,1778.2,223.3
1778,4,1778.29,241.7
1778,5,1778.37,398.2
1778,6,1778.46,286
1778,7,1778.54,255
1778,8,1778.62,233.3
1778,9,1778.71,286.2
1778,10,1778.79,260.5
1778,11,1778.87,250.5
1778,12,1778.96,175
1779,1,1779.04,191.2
1779,2,1779.12,276.2
1779,3,1779.2,196.7
1779,4,1779.29,241.7
1779,5,1779.37,233.3
1779,6,1779.46,189.5
1779,7,1779.54,238.3
1779,8,1779.62,186.7
1779,9,1779.71,185
1779,10,1779.79,206.7
1779,11,1779.87,190
1779,12,1779.96,183.3
1780,1,1780.04,116.7
1780,2,1780.12,163.3
1780,3,1780.21,163.3
1780,4,1780.29,158.3
1780,5,1780.37,178.7
1780,6,1780.46,146.7
1780,7,1780.54,143.3
1780,8,1780.62,143.3
1780,9,1780.71,156.2
1780,10,1780.79,128.3
1780,11,1780.87,100
1780,12,1780.96,97.8
1781,1,1781.04,164.5
1781,2,1781.12,124.5
1781,3,1781.2,88.3
1781,4,1781.29,113.8
1781,5,1781.37,174.5
1781,6,1781.46,162.8
1781,7,1781.54,122.5
1781,8,1781.62,110
1781,9,1781.71,85
1781,10,1781.79,45.5
1781,11,1781.87,111.7
1781,12,1781.96,58.7
1782,1,1782.04,90
1782,2,1782.12,62.5
1782,3,1782.2,61.7
1782,4,1782.29,68.3
1782,5,1782.37,90.5
1782,6,1782.46,63.3
1782,7,1782.54,61.7
1782,8,1782.62,73.3
1782,9,1782.71,56.7
1782,10,1782.79,38.7
1782,11,1782.87,52.5
1782,12,1782.96,50
1783,1,1783.04,46.7
1783,2,1783.12,64.5
1783,3,1783.2,44.5
1783,4,1783.29,47.2
1783,5,1783.37,38.3
1783,6,1783.46,42
1783,7,1783.54,53.7
1783,8,1783.62,33.3
1783,9,1783.71,30
1783,10,1783.79,13.3
1783,11,1783.87,25
1783,12,1783.96,17.5
1784,1,1784.04,21.7
1784,2,1784.12,13.3
1784,3,1784.21,18.3
1784,4,1784.29,16.7
1784,5,1784.37,10
1784,6,1784.46,15
1784,7,1784.54,10
1784,8,1784.62,16.7
1784,9,1784.71,16.7
1784,10,1784.79,13.3
1784,11,1784.87,28.3
1784,12,1784.96,23.3
1785,1,1785.04,10.8
1785,2,1785.12,13.3
1785,3,1785.2,15
1785,4,1785.29,26.2
1785,5,1785.37,34.5
1785,6,1785.46,43.8
1785,7,1785.54,60.5
1785,8,1785.62,33.3
1785,9,1785.71,53.3
1785,10,1785.79,78.7
1785,11,1785.87,67
1785,12,1785.96,45.5
1786,1,1786.04,62
1786,2,1786.12,79.3
1786,3,1786.2,79.5
1786,4,1786.29,142.3
1786,5,1786.37,153.8
1786,6,1786.46,98.3
1786,7,1786.54,138.3
1786,8,1786.62,149.5
1786,9,1786.71,185.8
1786,10,1786.79,187.2
1786,11,1786.87,193.3
1786,12,1786.96,187.8
1787,1,1787.04,224.5
1787,2,1787.12,176.7
1787,3,1787.2,145.7
1787,4,1787.29,212
1787,5,1787.37,224.7
1787,6,1787.46,165.3
1787,7,1787.54,213.3
1787,8,1787.62,228.7
1787,9,1787.71,262.2
1787,10,1787.79,261.7
1787,11,1787.87,235.8
1787,12,1787.96,290
1788,1,1788.04,230
1788,2,1788.12,215.3
1788,3,1788.21,238.8
1788,4,1788.29,180.8
1788,5,1788.37,188.3
1788,6,1788.46,257
1788,7,1788.54,235.8
1788,8,1788.62,226.7
1788,9,1788.71,235
1788,10,1788.79,236.7
1788,11,1788.87,157.8
1788,12,1788.96,215.8
1789,1,1789.04,190
1789,2,1789.12,208.8
1789,3,1789.2,200
1789,4,1789.29,205.5
1789,5,1789.37,205.8
1789,6,1789.46,200
1789,7,1789.54,195
1789,8,1789.62,171.7
1789,9,1789.71,186.7
1789,10,1789.79,149.5
1789,11,1789.87,223.3
1789,12,1789.96,225.8
1790,1,1790.04,171.7
1790,2,1790.12,212.5
1790,3,1790.2,160.5
1790,4,1790.29,156.7
1790,5,1790.37,155
1790,6,1790.46,151.7
1790,7,1790.54,115.5
1790,8,1790.62,145
1790,9,1790.71,128.8
1790,10,1790.79,140.5
1790,11,1790.87,136.7
1790,12,1790.96,123.3
1791,1,1791.04,121.2
1791,2,1791.12,103.3
1791,3,1791.2,123.3
1791,4,1791.29,128.7
1791,5,1791.37,122.8
1791,6,1791.46,107
1791,7,1791.54,118.3
1791,8,1791.62,71.7
1791,9,1791.71,110.8
1791,10,1791.79,102.8
1791,11,1791.87,111.7
1791,12,1791.96,110
1792,1,1792.04,96.7
1792,2,1792.12,106.7
1792,3,1792.21,105
1792,4,1792.29,126.2
1792,5,1792.37,103.3
1792,6,1792.46,101.7
1792,7,1792.54,76.3
1792,8,1792.62,100
1792,9,1792.71,98.3
1792,10,1792.79,98.3
1792,11,1792.87,95
1792,12,1792.96,93.3
1793,1,1793.04,93.3
1793,2,1793.12,91.7
1793,3,1793.2,92.5
1793,4,1793.29,88.3
1793,5,1793.37,87.2
1793,6,1793.46,85
1793,7,1793.54,83.3
1793,8,1793.62,48.8
1793,9,1793.71,40
1793,10,1793.79,78.3
1793,11,1793.87,73.3
1793,12,1793.96,76.2
1794,1,1794.04,75
1794,2,1794.12,73.3
1794,3,1794.2,63.3
1794,4,1794.29,47.3
1794,5,1794.37,92.8
1794,6,1794.46,69.2
1794,7,1794.54,68.3
1794,8,1794.62,66.7
1794,9,1794.71,18.5
1794,10,1794.79,47.5
1794,11,1794.87,112.3
1794,12,1794.96,85.7
1795,1,1795.04,35.7
1795,2,1795.12,66.5
1795,3,1795.2,21
1795,4,1795.29,31
1795,5,1795.37,51.7
1795,6,1795.46,28.5
1795,7,1795.54,21.5
1795,8,1795.62,42.8
1795,9,1795.71,22.5
1795,10,1795.79,32.5
1795,11,1795.87,41.7
1795,12,1795.96,30
1796,1,1796.04,36.7
1796,2,1796.12,39.7
1796,3,1796.21,26.2
1796,4,1796.29,52.8
1796,5,1796.37,35
1796,6,1796.46,11.2
1796,7,1796.54,44.8
1796,8,1796.62,2.5
1796,9,1796.71,30.7
1796,10,1796.79,18.3
1796,11,1796.87,14
1796,12,1796.96,8.5
1797,1,1797.04,24
1797,2,1797.12,7
1797,3,1797.2,6.7
1797,4,1797.29,6.7
1797,5,1797.37,12.2
1797,6,1797.46,18.5
1797,7,1797.54,7.2
1797,8,1797.62,10
1797,9,1797.71,9.5
1797,10,1797.79,11.5
1797,11,1797.87,9.7
1797,12,1797.96,5
1798,1,1798.04,3.3
1798,2,1798.12,6.7
1798,3,1798.2,20.7
1798,4,1798.29,1.8
1798,5,1798.37,0
1798,6,1798.46,0
1798,7,1798.54,0
1798,8,1798.62,5
1798,9,1798.71,4
1798,10,1798.79,2.5
1798,11,1798.87,20.8
1798,12,1798.96,16.5
1799,1,1799.04,2.7
1799,2,1799.12,21
1799,3,1799.2,36.2
1799,4,1799.29,14
1799,5,1799.37,13.7
1799,6,1799.46,17.7
1799,7,1799.54,3.5
1799,8,1799.62,0
1799,9,1799.71,0
1799,10,1799.79,7.7
1799,11,1799.87,4.5
1799,12,1799.96,14.3
1800,1,1800.04,11.5
1800,2,1800.12,15.5
1800,3,1800.2,23.2
1800,4,1800.29,0
1800,5,1800.37,8.3
1800,6,1800.46,39.5
1800,7,1800.54,35
1800,8,1800.62,32.5
1800,9,1800.71,19.2
1800,10,1800.79,20.5
1800,11,1800.87,17.5
1800,12,1800.96,66.8
1801,1,1801.04,45
1801,2,1801.12,48.3
1801,3,1801.2,50
1801,4,1801.29,51.7
1801,5,1801.37,53.3
1801,6,1801.46,52
1801,7,1801.54,58.3
1801,8,1801.62,64.5
1801,9,1801.71,55.8
1801,10,1801.79,54.3
1801,11,1801.87,66.3
1801,12,1801.96,80.3
1802,1,1802.04,79.7
1802,2,1802.12,78.3
1802,3,1802.2,68
1802,4,1802.29,70
1802,5,1802.37,73.3
1802,6,1802.46,76.7
1802,7,1802.54,80
1802,8,1802.62,83.3
1802,9,1802.71,86.3
1802,10,1802.79,64.2
1802,11,1802.87,57.5
1802,12,1802.96,83.3
1803,1,1803.04,83.3
1803,2,1803.12,84.7
1803,3,1803.2,49.2
1803,4,1803.29,41.7
1803,5,1803.37,73.8
1803,6,1803.46,60
1803,7,1803.54,80.5
1803,8,1803.62,56.8
1803,9,1803.71,75.5
1803,10,1803.79,90.5
1803,11,1803.87,85
1803,12,1803.96,80
1804,1,1804.04,75.5
1804,2,1804.12,80.5
1804,3,1804.21,80
1804,4,1804.29,84.3
1804,5,1804.37,55.7
1804,6,1804.46,58
1804,7,1804.54,49.7
1804,8,1804.62,71.8
1804,9,1804.71,88.3
1804,10,1804.79,103.8
1804,11,1804.87,101.7
1804,12,1804.96,100
1805,1,1805.04,101.7
1805,2,1805.12,73.5
1805,3,1805.2,85.7
1805,4,1805.29,62.5
1805,5,1805.37,65
1805,6,1805.46,67.5
1805,7,1805.54,62.7
1805,8,1805.62,71.2
1805,9,1805.71,74
1805,10,1805.79,49
1805,11,1805.87,68.3
1805,12,1805.96,63.8
1806,1,1806.04,65
1806,2,1806.12,49.3
1806,3,1806.2,54.5
1806,4,1806.29,46.2
1806,5,1806.37,44
1806,6,1806.46,42.7
1806,7,1806.54,50
1806,8,1806.62,43.8
1806,9,1806.71,40
1806,10,1806.79,45
1806,11,1806.87,41.7
1806,12,1806.96,40
1807,1,1807.04,20
1807,2,1807.12,20.3
1807,3,1807.2,16
1807,4,1807.29,39.7
1807,5,1807.37,16.7
1807,6,1807.46,20
1807,7,1807.54,21.2
1807,8,1807.62,20
1807,9,1807.71,9.5
1807,10,1807.79,13.3
1807,11,1807.87,4.3
1807,12,1807.96,0
1808,1,1808.04,0
1808,2,1808.12,7.5
1808,3,1808.21,0
1808,4,1808.29,20.5
1808,5,1808.37,22.5
1808,6,1808.46,22.5
1808,7,1808.54,11.2
1808,8,1808.62,13.3
1808,9,1808.71,19.5
1808,10,1808.79,7.8
1808,11,1808.87,17.5
1808,12,1808.96,20.5
1809,1,1809.04,12
1809,2,1809.12,15.3
1809,3,1809.2,1.5
1809,4,1809.29,4.2
1809,5,1809.37,3.3
1809,6,1809.46,12.8
1809,7,1809.54,0.5
1809,8,1809.62,0.3
1809,9,1809.71,0.7
1809,10,1809.79,0
1809,11,1809.87,0
1809,12,1809.96,0
1810,1,1810.04,0
1810,2,1810.12,0
1810,3,1810.2,0
1810,4,1810.29,0
1810,5,1810.37,0
1810,6,1810.46,0
1810,7,1810.54,0
1810,8,1810.62,0
1810,9,1810.71,0
1810,10,1810.79,0
1810,11,1810.87,0
1810,12,1810.96,0
1811,1,1811.04,0
1811,2,1811.12,0
1811,3,1811.2,0
1811,4,1811.29,0
1811,5,1811.37,0
1811,6,1811.46,0
1811,7,1811.54,11
1811,8,1811.62,0
1811,9,1811.71,4
1811,10,1811.79,10.2
1811,11,1811.87,1.3
1811,12,1811.96,1.8
1812,1,1812.04,18.8
1812,2,1812.12,3.2
1812,3,1812.21,1.2
1812,4,1812.29,0
1812,5,1812.37,1.7
1812,6,1812.46,2.2
1812,7,1812.54,0.8
1812,8,1812.62,26
1812,9,1812.71,8.7
1812,10,1812.79,6.5
1812,11,1812.87,13.2
1812,12,1812.96,16.8
1813,1,1813.04,0
1813,2,1813.12,17.2
1813,3,1813.2,3.2
1813,4,1813.29,27.7
1813,5,1813.37,9.2
1813,6,1813.46,18.7
1813,7,1813.54,30.5
1813,8,1813.62,14
1813,9,1813.71,25.5
1813,10,1813.79,46.3
1813,11,1813.87,27.8
1813,12,1813.96,23.8
1814,1,1814.04,37
1814,2,1814.12,20
1814,3,1814.2,9.5
1814,4,1814.29,39.7
1814,5,1814.37,9.7
1814,6,1814.46,24.8
1814,7,1814.54,30.8
1814,8,1814.62,3.8
1814,9,1814.71,13.5
1814,10,1814.79,32.2
1814,11,1814.87,24.2
1814,12,1814.96,33.5
1815,1,1815.04,32
1815,2,1815.12,53.7
1815,3,1815.2,43.7
1815,4,1815.29,52.7
1815,5,1815.37,16.3
1815,6,1815.46,93.2
1815,7,1815.54,59.2
1815,8,1815.62,78.7
1815,9,1815.71,52.5
1815,10,1815.79,55.8
1815,11,1815.87,62
1815,12,1815.96,108.3
1816,1,1816.04,43.8
1816,2,1816.12,114.7
1816,3,1816.21,122.8
1816,4,1816.29,98
1816,5,1816.37,73.8
1816,6,1816.46,72.7
1816,7,1816.54,64.7
1816,8,1816.62,38.7
1816,9,1816.71,79.7
1816,10,1816.79,94
1816,11,1816.87,63.5
1816,12,1816.96,49.8
1817,1,1817.04,60.7
1817,2,1817.12,96.5
1817,3,1817.2,160.3
1817,4,1817.29,44
1817,5,1817.37,35.3
1817,6,1817.46,66.7
1817,7,1817.54,83.3
1817,8,1817.62,75
1817,9,1817.71,61.2
1817,10,1817.79,42.7
1817,11,1817.87,48.2
1817,12,1817.96,47.3
1818,1,1818.04,58.1
1818,2,1818.12,37.4
1818,3,1818.2,42.4
1818,4,1818.29,57.5
1818,5,1818.37,88.5
1818,6,1818.46,60.8
1818,7,1818.54,46.8
1818,8,1818.62,52.6
1818,9,1818.71,43.4
1818,10,1818.79,52.8
1818,11,1818.87,18.3
1818,12,1818.96,43
1819,1,1819.04,54.7
1819,2,1819.12,34.6
1819,3,1819.2,6.3
1819,4,1819.29,33.7
1819,5,1819.37,32.6
1819,6,1819.46,58.3
1819,7,1819.54,52.5
1819,8,1819.62,43.5
1819,9,1819.71,24.8
1819,10,1819.79,45.9
1819,11,1819.87,41.8
1819,12,1819.96,50.9
1820,1,1820.04,32
1820,2,1820.12,44.4
1820,3,1820.21,7.5
1820,4,1820.29,32.3
1820,5,1820.37,48.9
1820,6,1820.46,17.9
1820,7,1820.54,34.1
1820,8,1820.62,43.1
1820,9,1820.71,8.6
1820,10,1820.79,14.9
1820,11,1820.87,13.2
1820,12,1820.96,15.1
1821,1,1821.04,36
1821,2,1821.12,7
1821,3,1821.2,9.5
1821,4,1821.29,15.2
1821,5,1821.37,2.8
1821,6,1821.46,3
1821,7,1821.54,4.3
1821,8,1821.62,8
1821,9,1821.71,7.3
1821,10,1821.79,31.4
1821,11,1821.87,7.3
1821,12,1821.96,0.4
1822,1,1822.04,0
1822,2,1822.12,1.5
1822,3,1822.2,26.9
1822,4,1822.29,21.7
1822,5,1822.37,2.4
1822,6,1822.46,9.3
1822,7,1822.54,13.2
1822,8,1822.62,3.4
1822,9,1822.71,0
1822,10,1822.79,0.6
1822,11,1822.87,0
1822,12,1822.96,0
1823,1,1823.04,0
1823,2,1823.12,0
1823,3,1823.2,1
1823,4,1823.29,0
1823,5,1823.37,0
1823,6,1823.46,0
1823,7,1823.54,0.8
1823,8,1823.62,0
1823,9,1823.71,0
1823,10,1823.79,0
1823,11,1823.87,0
1823,12,1823.96,34
1824,1,1824.04,36
1824,2,1824.12,18
1824,3,1824.21,0
1824,4,1824.29,32.3
1824,5,1824.37,4.6
1824,6,1824.46,0
1824,7,1824.54,0
1824,8,1824.62,2.3
1824,9,1824.71,34.3
1824,10,1824.79,42
1824,11,1824.87,0
1824,12,1824.96,1.4
1825,1,1825.04,8.4
1825,2,1825.12,25.9
1825,3,1825.2,37.4
1825,4,1825.29,6.2
1825,5,1825.37,25.8
1825,6,1825.46,25.6
1825,7,1825.54,51.5
1825,8,1825.62,42.8
1825,9,1825.71,26.2
1825,10,1825.79,26
1825,11,1825.87,19.6
1825,12,1825.96,36.7
1826,1,1826.04,29.4
1826,2,1826.12,30.2
1826,3,1826.2,61.3
1826,4,1826.29,40
1826,5,1826.37,53.9
1826,6,1826.46,61.7
1826,7,1826.54,87.5
1826,8,1826.62,66
1826,9,1826.71,31.6
1826,10,1826.79,84.4
1826,11,1826.87,65.8
1826,12,1826.96,113.6
1827,1,1827.04,57.7
1827,2,1827.12,79
1827,3,1827.2,96.3
1827,4,1827.29,76.7
1827,5,1827.37,93.8
1827,6,1827.46,94.4
1827,7,1827.54,70.4
1827,8,1827.62,89.4
1827,9,1827.71,82.6
1827,10,1827.79,93.5
1827,11,1827.87,80.4
1827,12,1827.96,76.8
1828,1,1828.04,88
1828,2,1828.12,107.3
1828,3,1828.21,108.5
1828,4,1828.29,101.9
1828,5,1828.37,148.6
1828,6,1828.46,163.4
1828,7,1828.54,90.4
1828,8,1828.62,127.3
1828,9,1828.71,83.9
1828,10,1828.79,91.1
1828,11,1828.87,95
1828,12,1828.96,78.1
1829,1,1829.04,71.6
1829,2,1829.12,82.3
1829,3,1829.2,120.6
1829,4,1829.29,158.4
1829,5,1829.37,112.3
1829,6,1829.46,123.2
1829,7,1829.54,151.5
1829,8,1829.62,129.3
1829,9,1829.71,88
1829,10,1829.79,95.3
1829,11,1829.87,112.7
1829,12,1829.96,94.1
1830,1,1830.04,87
1830,2,1830.12,120.1
1830,3,1830.2,141
1830,4,1830.29,177.3
1830,5,1830.37,110.5
1830,6,1830.46,108.4
1830,7,1830.54,73.2
1830,8,1830.62,84.6
1830,9,1830.71,103.4
1830,10,1830.79,140.6
1830,11,1830.87,135.4
1830,12,1830.96,136.8
1831,1,1831.04,79
1831,2,1831.12,83.6
1831,3,1831.2,155.8
1831,4,1831.29,90.9
1831,5,1831.37,63.4
1831,6,1831.46,55.6
1831,7,1831.54,75.4
1831,8,1831.62,91.6
1831,9,1831.71,63.2
1831,10,1831.79,77.1
1831,11,1831.87,72.5
1831,12,1831.96,48.3
1832,1,1832.04,51.5
1832,2,1832.12,92.6
1832,3,1832.21,91.9
1832,4,1832.29,44.8
1832,5,1832.37,68.9
1832,6,1832.46,44.5
1832,7,1832.54,23.3
1832,8,1832.62,14.8
1832,9,1832.71,13.7
1832,10,1832.79,35.2
1832,11,1832.87,23.8
1832,12,1832.96,45.8
1833,1,1833.04,18.7
1833,2,1833.12,24.9
1833,3,1833.2,19.6
1833,4,1833.29,4.6
1833,5,1833.37,21.5
1833,6,1833.46,1.7
1833,7,1833.54,11.6
1833,8,1833.62,9.5
1833,9,1833.71,19.3
1833,10,1833.79,12.5
1833,11,1833.87,9.8
1833,12,1833.96,16.6
1834,1,1834.04,8.2
1834,2,1834.12,30.1
1834,3,1834.2,6.5
1834,4,1834.29,2.4
1834,5,1834.37,14.8
1834,6,1834.46,13.1
1834,7,1834.54,14.4
1834,8,1834.62,6.6
1834,9,1834.71,19.2
1834,10,1834.79,41.3
1834,11,1834.87,50.9
1834,12,1834.96,57.5
1835,1,1835.04,12.4
1835,2,1835.12,40.7
1835,3,1835.2,32.7
1835,4,1835.29,102.4
1835,5,1835.37,72.6
1835,6,1835.46,55.2
1835,7,1835.54,99.6
1835,8,1835.62,98.5
1835,9,1835.71,168
1835,10,1835.79,158.6
1835,11,1835.87,166.7
1835,12,1835.96,129.3
1836,1,1836.04,147.6
1836,2,1836.12,179.4
1836,3,1836.21,163.7
1836,4,1836.29,238
1836,5,1836.37,185.7
1836,6,1836.46,207.9
1836,7,1836.54,194.6
1836,8,1836.62,179.6
1836,9,1836.71,158.5
1836,10,1836.79,228.9
1836,11,1836.87,201.5
1836,12,1836.96,343.8
1837,1,1837.04,313.4
1837,2,1837.12,292.6
1837,3,1837.2,224.3
1837,4,1837.29,230.3
1837,5,1837.37,186.1
1837,6,1837.46,263.4
1837,7,1837.54,271.2
1837,8,1837.62,223.5
1837,9,1837.71,160.4
1837,10,1837.79,206.2
1837,11,1837.87,178.4
1837,12,1837.96,216.1
1838,1,1838.04,241.5
1838,2,1838.12,141.3
1838,3,1838.2,234.5
1838,4,1838.29,211.1
1838,5,1838.37,229.4
1838,6,1838.46,157.6
1838,7,1838.54,180.4
1838,8,1838.62,131.3
1838,9,1838.71,122.7
1838,10,1838.79,151.5
1838,11,1838.87,129.2
1838,12,1838.96,132.9
1839,1,1839.04,175.9
1839,2,1839.12,170.8
1839,3,1839.2,129.5
1839,4,1839.29,102.9
1839,5,1839.37,89.6
1839,6,1839.46,91.2
1839,7,1839.54,141.3
1839,8,1839.62,218.8
1839,9,1839.71,221.1
1839,10,1839.79,151.5
1839,11,1839.87,114.7
1839,12,1839.96,106.2
1840,1,1840.04,135.4
1840,2,1840.12,146.1
1840,3,1840.21,112.9
1840,4,1840.29,109.8
1840,5,1840.37,115.4
1840,6,1840.46,80.9
1840,7,1840.54,101
1840,8,1840.62,96.4
1840,9,1840.71,123.3
1840,10,1840.79,91.7
1840,11,1840.87,90.4
1840,12,1840.96,89.5
1841,1,1841.04,40.1
1841,2,1841.12,49.9
1841,3,1841.2,49.6
1841,4,1841.29,66.9
1841,5,1841.37,112.4
1841,6,1841.46,92.8
1841,7,1841.54,51.4
1841,8,1841.62,65.4
1841,9,1841.71,60.9
1841,10,1841.79,47.4
1841,11,1841.87,32.9
1841,12,1841.96,64.8
1842,1,1842.04,34
1842,2,1842.12,36.8
1842,3,1842.2,36.2
1842,4,1842.29,44.9
1842,5,1842.37,41.4
1842,6,1842.46,34.2
1842,7,1842.54,21
1842,8,1842.62,44.4
1842,9,1842.71,30.6
1842,10,1842.79,63.5
1842,11,1842.87,67.5
1842,12,1842.96,29.3
1843,1,1843.04,22.2
1843,2,1843.12,5.9
1843,3,1843.2,13.9
1843,4,1843.29,15.8
1843,5,1843.37,35.1
1843,6,1843.46,17.6
1843,7,1843.54,15.9
1843,8,1843.62,19.6
1843,9,1843.71,6.9
1843,10,1843.79,8.9
1843,11,1843.87,31.7
1843,12,1843.96,21.2
1844,1,1844.04,15.7
1844,2,1844.12,24.5
1844,3,1844.21,22.5
1844,4,1844.29,34.6
1844,5,1844.37,19.2
1844,6,1844.46,6.2
1844,7,1844.54,35.2
1844,8,1844.62,39.7
1844,9,1844.71,11.6
1844,10,1844.79,35.9
1844,11,1844.87,17.9
1844,12,1844.96,36
1845,1,1845.04,42.8
1845,2,1845.12,72.8
1845,3,1845.2,72.1
1845,4,1845.29,95
1845,5,1845.37,79.7
1845,6,1845.46,51.8
1845,7,1845.54,51
1845,8,1845.62,53.9
1845,9,1845.71,49.3
1845,10,1845.79,67.8
1845,11,1845.87,65.7
1845,12,1845.96,99.5
1846,1,1846.04,64.6
1846,2,1846.12,84.9
1846,3,1846.2,106.5
1846,4,1846.29,115.5
1846,5,1846.37,99.9
1846,6,1846.46,108.4
1846,7,1846.54,77.5
1846,8,1846.62,91.3
1846,9,1846.71,178.6
1846,10,1846.79,93.4
1846,11,1846.87,100.6
1846,12,1846.96,109.1
1847,1,1847.04,104.4
1847,2,1847.12,74.9
1847,3,1847.2,143
1847,4,1847.29,74.6
1847,5,1847.37,125.7
1847,6,1847.46,142.2
1847,7,1847.54,87.1
1847,8,1847.62,234.3
1847,9,1847.71,268.2
1847,10,1847.79,300.6
1847,11,1847.87,231.5
1847,12,1847.96,182.6
1848,1,1848.04,265.2
1848,2,1848.12,186.4
1848,3,1848.21,181.2
1848,4,1848.29,178.6
1848,5,1848.37,170.5
1848,6,1848.46,214.9
1848,7,1848.54,232
1848,8,1848.62,220.9
1848,9,1848.71,167.3
1848,10,1848.79,220.6
1848,11,1848.87,191
1848,12,1848.96,265.8
1849,1,1849.04,298.3
1849,2,1849.12,250.3
1849,3,1849.2,182.7
1849,4,1849.29,194.7
1849,5,1849.37,153.2
1849,6,1849.46,154.2
1849,7,1849.54,148.2
1849,8,1849.62,128.6
1849,9,1849.71,178
1849,10,1849.79,135.7
1849,11,1849.87,188.2
1849,12,1849.96,184.3
1850,1,1850.04,148.2
1850,2,1850.12,169.8
1850,3,1850.2,156.8
1850,4,1850.29,83.8
1850,5,1850.37,117
1850,6,1850.46,133
1850,7,1850.54,74.3
1850,8,1850.62,117
1850,9,1850.71,163.7
1850,10,1850.79,134.9
1850,11,1850.87,104.1
1850,12,1850.96,115.9
1851,1,1851.04,143.5
1851,2,1851.12,200.1
1851,3,1851.2,122.8
1851,4,1851.29,107.3
1851,5,1851.37,118.9
1851,6,1851.46,120
1851,7,1851.54,68.6
1851,8,1851.62,109
1851,9,1851.71,128.9
1851,10,1851.79,118.7
1851,11,1851.87,96.8
1851,12,1851.96,135.5
1852,1,1852.04,129.9
1852,2,1852.12,126.2
1852,3,1852.21,116.2
1852,4,1852.29,124.3
1852,5,1852.37,104.3
1852,6,1852.46,89
1852,7,1852.54,80
1852,8,1852.62,75.3
1852,9,1852.71,71.2
1852,10,1852.79,127.9
1852,11,1852.87,103.1
1852,12,1852.96,86.1
1853,1,1853.04,77.9
1853,2,1853.12,81.5
1853,3,1853.2,71.6
1853,4,1853.29,90.4
1853,5,1853.37,65.9
1853,6,1853.46,76
1853,7,1853.54,87.2
1853,8,1853.62,95.8
1853,9,1853.71,63.7
1853,10,1853.79,80.5
1853,11,1853.87,54.7
1853,12,1853.96,44.5
1854,1,1854.04,29.3
1854,2,1854.12,38
1854,3,1854.2,39.4
1854,4,1854.29,50.3
1854,5,1854.37,45.6
1854,6,1854.46,40.1
1854,7,1854.54,35.5
1854,8,1854.62,30.1
1854,9,1854.71,42.6
1854,10,1854.79,24.1
1854,11,1854.87,53.5
1854,12,1854.96,41.1
1855,1,1855.04,23.4
1855,2,1855.12,21.6
1855,3,1855.2,33
1855,4,1855.29,8.4
1855,5,1855.37,17.3
1855,6,1855.46,10
1855,7,1855.54,0.7
1855,8,1855.62,5.9
1855,9,1855.71,0
1855,10,1855.79,18.3
1855,11,1855.87,7.9
1855,12,1855.96,5.8
1856,1,1856.04,1
1856,2,1856.12,9.3
1856,3,1856.21,0.7
1856,4,1856.29,12.4
1856,5,1856.37,0
1856,6,1856.46,9.8
1856,7,1856.54,8.8
1856,8,1856.62,11.3
1856,9,1856.71,8.4
1856,10,1856.79,8.5
1856,11,1856.87,14.7
1856,12,1856.96,13.7
1857,1,1857.04,26
1857,2,1857.12,14.2
1857,3,1857.2,10
1857,4,1857.29,21.1
1857,5,1857.37,54.2
1857,6,1857.46,30.5
1857,7,1857.54,42.2
1857,8,1857.62,32
1857,9,1857.71,80.6
1857,10,1857.79,77.1
1857,11,1857.87,59.6
1857,12,1857.96,70.7
1858,1,1858.04,74.2
1858,2,1858.12,66.3
1858,3,1858.2,109.2
1858,4,1858.29,72.8
1858,5,1858.37,78.6
1858,6,1858.46,84.5
1858,7,1858.54,107.7
1858,8,1858.62,104.9
1858,9,1858.71,152.2
1858,10,1858.79,173.2
1858,11,1858.87,98.6
1858,12,1858.96,127
1859,1,1859.04,159
1859,2,1859.12,166.4
1859,3,1859.2,171.5
1859,4,1859.29,162.9
1859,5,1859.37,172.8
1859,6,1859.46,165.2
1859,7,1859.54,180.7
1859,8,1859.62,203
1859,9,1859.71,200.9
1859,10,1859.79,217.8
1859,11,1859.87,184.6
1859,12,1859.96,153.9
1860,1,1860.04,156.6
1860,2,1860.12,167.9
1860,3,1860.21,188
1860,4,1860.29,135.7
1860,5,1860.37,203.5
1860,6,1860.46,206.3
1860,7,1860.54,221.9
1860,8,1860.62,190.5
1860,9,1860.71,175.2
1860,10,1860.79,171.1
1860,11,1860.87,186
1860,12,1860.96,181.7
1861,1,1861.04,118.5
1861,2,1861.12,147.5
1861,3,1861.2,192
1861,4,1861.29,187.1
1861,5,1861.37,107.8
1861,6,1861.46,167.5
1861,7,1861.54,148.2
1861,8,1861.62,156.7
1861,9,1861.71,151.9
1861,10,1861.79,127.7
1861,11,1861.87,102
1861,12,1861.96,152.8
1862,1,1862.04,119.9
1862,2,1862.12,122.4
1862,3,1862.2,82.7
1862,4,1862.29,102.1
1862,5,1862.37,122.4
1862,6,1862.46,159.7
1862,7,1862.54,139.5
1862,8,1862.62,118.7
1862,9,1862.71,126.4
1862,10,1862.79,79.8
1862,11,1862.87,96
1862,12,1862.96,77.6
1863,1,1863.04,91.8
1863,2,1863.12,107.7
1863,3,1863.2,126
1863,4,1863.29,77.1
1863,5,1863.37,102.1
1863,6,1863.46,77.6
1863,7,1863.54,62
1863,8,1863.62,91.3
1863,9,1863.71,41.7
1863,10,1863.79,75.7
1863,11,1863.87,71.6
1863,12,1863.96,78.1
1864,1,1864.04,109.7
1864,2,1864.12,89.5
1864,3,1864.21,125.9
1864,4,1864.29,68.1
1864,5,1864.37,77.1
1864,6,1864.46,109.9
1864,7,1864.54,103.8
1864,8,1864.62,104.1
1864,9,1864.71,54.2
1864,10,1864.79,64.4
1864,11,1864.87,109.3
1864,12,1864.96,54.3
1865,1,1865.04,92.5
1865,2,1865.12,74.6
1865,3,1865.2,75
1865,4,1865.29,55.9
1865,5,1865.37,65.6
1865,6,1865.46,63.8
1865,7,1865.54,50.8
1865,8,1865.62,71.8
1865,9,1865.71,41
1865,10,1865.79,32.5
1865,11,1865.87,46.7
1865,12,1865.96,24.3
1866,1,1866.04,60
1866,2,1866.12,72.9
1866,3,1866.2,46.6
1866,4,1866.29,33.5
1866,5,1866.37,24.6
1866,6,1866.46,31.4
1866,7,1866.54,17.6
1866,8,1866.62,24.2
1866,9,1866.71,13.9
1866,10,1866.79,26.8
1866,11,1866.87,17.2
1866,12,1866.96,2.9
1867,1,1867.04,0
1867,2,1867.12,1.4
1867,3,1867.2,17.4
1867,4,1867.29,9.7
1867,5,1867.37,5.5
1867,6,1867.46,2.8
1867,7,1867.54,9.5
1867,8,1867.62,9.1
1867,9,1867.71,18.7
1867,10,1867.79,25.5
1867,11,1867.87,18.1
1867,12,1867.96,47.9
1868,1,1868.04,25.9
1868,2,1868.12,26.3
1868,3,1868.21,44
1868,4,1868.29,61.1
1868,5,1868.37,44.5
1868,6,1868.46,51.8
1868,7,1868.54,48.3
1868,8,1868.62,57.3
1868,9,1868.71,78.7
1868,10,1868.79,102.8
1868,11,1868.87,98.7
1868,12,1868.96,112.8
1869,1,1869.04,101.6
1869,2,1869.12,99.9
1869,3,1869.2,88
1869,4,1869.29,68.4
1869,5,1869.37,173.4
1869,6,1869.46,180.7
1869,7,1869.54,98.8
1869,8,1869.62,132.7
1869,9,1869.71,134.5
1869,10,1869.79,99
1869,11,1869.87,130.2
1869,12,1869.96,174.1
1870,1,1870.04,129
1870,2,1870.12,191.7
1870,3,1870.2,262.7
1870,4,1870.29,266.9
1870,5,1870.37,293.6
1870,6,1870.46,226.3
1870,7,1870.54,220.9
1870,8,1870.62,256.5
1870,9,1870.71,226.8
1870,10,1870.79,244.3
1870,11,1870.87,246
1870,12,1870.96,216.7
1871,1,1871.04,147.2
1871,2,1871.12,209
1871,3,1871.2,238.7
1871,4,1871.29,270.9
1871,5,1871.37,242.6
1871,6,1871.46,152.9
1871,7,1871.54,171.8
1871,8,1871.62,183.7
1871,9,1871.71,133.9
1871,10,1871.79,148.5
1871,11,1871.87,175.7
1871,12,1871.96,150.8
1872,1,1872.04,132.7
1872,2,1872.12,200.3
1872,3,1872.21,147.5
1872,4,1872.29,170.4
1872,5,1872.37,179.5
1872,6,1872.46,183.3
1872,7,1872.54,176
1872,8,1872.62,155
1872,9,1872.71,191.1
1872,10,1872.79,171.2
1872,11,1872.87,186.8
1872,12,1872.96,139.9
1873,1,1873.04,144.6
1873,2,1873.12,178.4
1873,3,1873.2,164
1873,4,1873.29,127.1
1873,5,1873.37,80
1873,6,1873.46,74.8
1873,7,1873.54,111.7
1873,8,1873.62,113.8
1873,9,1873.71,78.7
1873,10,1873.79,78.6
1873,11,1873.87,92.5
1873,12,1873.96,82
1874,1,1874.04,101.4
1874,2,1874.12,107.1
1874,3,1874.2,77.5
1874,4,1874.29,53.5
1874,5,1874.37,74.6
1874,6,1874.46,63.8
1874,7,1874.54,113.2
1874,8,1874.62,102.3
1874,9,1874.71,46.8
1874,10,1874.79,57.4
1874,11,1874.87,48.2
1874,12,1874.96,48.8
1875,1,1875.04,24.4
1875,2,1875.12,35.9
1875,3,1875.2,56.4
1875,4,1875.29,48.6
1875,5,1875.37,19.2
1875,6,1875.46,39.9
1875,7,1875.54,20.9
1875,8,1875.62,24.4
1875,9,1875.71,4
1875,10,1875.79,21.3
1875,11,1875.87,29.6
1875,12,1875.96,16.5
1876,1,1876.04,23.9
1876,2,1876.12,25.1
1876,3,1876.21,51.1
1876,4,1876.29,3.9
1876,5,1876.37,8.5
1876,6,1876.46,2.7
1876,7,1876.54,25.5
1876,8,1876.62,14.8
1876,9,1876.71,16.6
1876,10,1876.79,23.9
1876,11,1876.87,16.6
1876,12,1876.96,13.6
1877,1,1877.04,40.6
1877,2,1877.12,14.5
1877,3,1877.2,19.9
1877,4,1877.29,26.3
1877,5,1877.37,36.1
1877,6,1877.46,23.6
1877,7,1877.54,10
1877,8,1877.62,10.5
1877,9,1877.71,28.1
1877,10,1877.79,11.2
1877,11,1877.87,23.6
1877,12,1877.96,3.5
1878,1,1878.04,5.5
1878,2,1878.12,11
1878,3,1878.2,13.1
1878,4,1878.29,0.2
1878,5,1878.37,9.9
1878,6,1878.46,10.7
1878,7,1878.54,0.2
1878,8,1878.62,0
1878,9,1878.71,8.8
1878,10,1878.79,1.9
1878,11,1878.87,6.8
1878,12,1878.96,0.9
1879,1,1879.04,1.6
1879,2,1879.12,0.9
1879,3,1879.2,0
1879,4,1879.29,10.4
1879,5,1879.37,4
1879,6,1879.46,8
1879,7,1879.54,12.6
1879,8,1879.62,17.9
1879,9,1879.71,10.1
1879,10,1879.79,20.4
1879,11,1879.87,21.9
1879,12,1879.96,12.2
1880,1,1880.04,40.1
1880,2,1880.12,45.4
1880,3,1880.21,32.1
1880,4,1880.29,32.4
1880,5,1880.37,39.1
1880,6,1880.46,56.9
1880,7,1880.54,36.5
1880,8,1880.62,80.3
1880,9,1880.71,110.1
1880,10,1880.79,71.7
1880,11,1880.87,51.1
1880,12,1880.96,49.4
1881,1,1881.04,60.6
1881,2,1881.12,88.6
1881,3,1881.2,85.8
1881,4,1881.29,86.1
1881,5,1881.37,72.5
1881,6,1881.46,100.8
1881,7,1881.54,128.2
1881,8,1881.62,97.3
1881,9,1881.71,88.6
1881,10,1881.79,107.3
1881,11,1881.87,91.5
1881,12,1881.96,78.8
1882,1,1882.04,75
1882,2,1882.12,115.9
1882,3,1882.2,111.5
1882,4,1882.29,159.6
1882,5,1882.37,106.9
1882,6,1882.46,75.4
1882,7,1882.54,75.7
1882,8,1882.62,67.5
1882,9,1882.71,96.1
1882,10,1882.79,98.6
1882,11,1882.87,140.6
1882,12,1882.96,69.7
1883,1,1883.04,101
1883,2,1883.12,78.2
1883,3,1883.2,71.3
1883,4,1883.29,136.8
1883,5,1883.37,52.5
1883,6,1883.46,127.2
1883,7,1883.54,134.4
1883,8,1883.62,76.6
1883,9,1883.71,87.8
1883,10,1883.79,139.6
1883,11,1883.87,140.8
1883,12,1883.96,126.5
1884,1,1884.04,152.6
1884,2,1884.12,144.8
1884,3,1884.21,145.8
1884,4,1884.29,126.9
1884,5,1884.37,110.9
1884,6,1884.46,85.3
1884,7,1884.54,88.5
1884,8,1884.62,93.1
1884,9,1884.71,103.1
1884,10,1884.79,79.6
1884,11,1884.87,60.9
1884,12,1884.96,78.6
1885,1,1885.04,71.4
1885,2,1885.12,119.7
1885,3,1885.2,82.9
1885,4,1885.29,91.7
1885,5,1885.37,121.6
1885,6,1885.46,139.5
1885,7,1885.54,110.9
1885,8,1885.62,83.5
1885,9,1885.71,66
1885,10,1885.79,64.5
1885,11,1885.87,51.6
1885,12,1885.96,36.3
1886,1,1886.04,49.8
1886,2,1886.12,43.2
1886,3,1886.2,95.5
1886,4,1886.29,72.9
1886,5,1886.37,51.2
1886,6,1886.46,45.3
1886,7,1886.54,50.4
1886,8,1886.62,28.1
1886,9,1886.71,35.7
1886,10,1886.79,14.4
1886,11,1886.87,0.6
1886,12,1886.96,21.7
1887,1,1887.04,17
1887,2,1887.12,22
1887,3,1887.2,7.1
1887,4,1887.29,11.6
1887,5,1887.37,33.4
1887,6,1887.46,26.1
1887,7,1887.54,38.9
1887,8,1887.62,35.7
1887,9,1887.71,12.4
1887,10,1887.79,11
1887,11,1887.87,11.5
1887,12,1887.96,34.5
1888,1,1888.04,21.2
1888,2,1888.12,11.8
1888,3,1888.21,13.1
1888,4,1888.29,8.5
1888,5,1888.37,11.7
1888,6,1888.46,11.8
1888,7,1888.54,5
1888,8,1888.62,4.6
1888,9,1888.71,14.6
1888,10,1888.79,3.4
1888,11,1888.87,17.9
1888,12,1888.96,11.1
1889,1,1889.04,1.3
1889,2,1889.12,14.2
1889,3,1889.2,11.1
1889,4,1889.29,7.3
1889,5,1889.37,4
1889,6,1889.46,10.8
1889,7,1889.54,15.8
1889,8,1889.62,34.3
1889,9,1889.71,10.9
1889,10,1889.79,3.4
1889,11,1889.87,0.3
1889,12,1889.96,11.2
1890,1,1890.04,8.8
1890,2,1890.12,1.1
1890,3,1890.2,8.5
1890,4,1890.29,2.7
1890,5,1890.37,7.9
1890,6,1890.46,2.2
1890,7,1890.54,19.3
1890,8,1890.62,14.2
1890,9,1890.71,28.6
1890,10,1890.79,18.6
1890,11,1890.87,15.9
1890,12,1890.96,13.1
1891,1,1891.04,22.5
1891,2,1891.12,36.9
1891,3,1891.2,17.2
1891,4,1891.29,34.2
1891,5,1891.37,68.5
1891,6,1891.46,80.4
1891,7,1891.54,98
1891,8,1891.62,55.1
1891,9,1891.71,89.7
1891,10,1891.79,86
1891,11,1891.87,69.8
1891,12,1891.96,54.3
1892,1,1892.04,115.2
1892,2,1892.12,126.1
1892,3,1892.21,83.3
1892,4,1892.29,116
1892,5,1892.37,132.7
1892,6,1892.46,127.3
1892,7,1892.54,127.6
1892,8,1892.62,169
1892,9,1892.71,104.7
1892,10,1892.79,117.5
1892,11,1892.87,108.9
1892,12,1892.96,131
1893,1,1893.04,125
1893,2,1893.12,121.6
1893,3,1893.2,109.5
1893,4,1893.29,146.8
1893,5,1893.37,141.3
1893,6,1893.46,149.8
1893,7,1893.54,147.6
1893,8,1893.62,215.4
1893,9,1893.71,129.9
1893,10,1893.79,133.3
1893,11,1893.87,125.2
1893,12,1893.96,156.4
1894,1,1894.04,138.6
1894,2,1894.12,141
1894,3,1894.2,87.1
1894,4,1894.29,136
1894,5,1894.37,168.7
1894,6,1894.46,164.8
1894,7,1894.54,176.7
1894,8,1894.62,117.1
1894,9,1894.71,110
1894,10,1894.79,125.7
1894,11,1894.87,94.3
1894,12,1894.96,100.1
1895,1,1895.04,105.4
1895,2,1895.12,112
1895,3,1895.2,101.6
1895,4,1895.29,128.2
1895,5,1895.37,112.5
1895,6,1895.46,119.1
1895,7,1895.54,79.7
1895,8,1895.62,114.9
1895,9,1895.71,96.1
1895,10,1895.79,113.2
1895,11,1895.87,78.6
1895,12,1895.96,117.9
1896,1,1896.04,48.4
1896,2,1896.12,95.7
1896,3,1896.21,86.5
1896,4,1896.29,73
1896,5,1896.37,46.1
1896,6,1896.46,81.7
1896,7,1896.54,75.2
1896,8,1896.62,45.4
1896,9,1896.71,102.2
1896,10,1896.79,47.9
1896,11,1896.87,63.3
1896,12,1896.96,71
1897,1,1897.04,67.6
1897,2,1897.12,49
1897,3,1897.2,48.7
1897,4,1897.29,51.7
1897,5,1897.37,33.3
1897,6,1897.46,18.9
1897,7,1897.54,46.1
1897,8,1897.62,36.4
1897,9,1897.71,80.4
1897,10,1897.79,23.9
1897,11,1897.87,14
1897,12,1897.96,55.5
1898,1,1898.04,50.4
1898,2,1898.12,60.7
1898,3,1898.2,63.9
1898,4,1898.29,24.2
1898,5,1898.37,43
1898,6,1898.46,37.1
1898,7,1898.54,15
1898,8,1898.62,52.3
1898,9,1898.71,58.1
1898,10,1898.79,57.1
1898,11,1898.87,51.6
1898,12,1898.96,21.1
1899,1,1899.04,32.4
1899,2,1899.12,15.3
1899,3,1899.2,30.3
1899,4,1899.29,23.6
1899,5,1899.37,12.9
1899,6,1899.46,34.1
1899,7,1899.54,22.5
1899,8,1899.62,4.9
1899,9,1899.71,14
1899,10,1899.79,21.7
1899,11,1899.87,13
1899,12,1899.96,17.6
1900,1,1900.04,15.7
1900,2,1900.12,22.8
1900,3,1900.2,14.4
1900,4,1900.29,26.8
1900,5,1900.37,25.3
1900,6,1900.46,20.1
1900,7,1900.54,13.9
1900,8,1900.62,7.1
1900,9,1900.71,13.9
1900,10,1900.79,21.6
1900,11,1900.87,7.5
1900,12,1900.96,0.5
1901,1,1901.04,0.4
1901,2,1901.12,4
1901,3,1901.2,7.4
1901,4,1901.29,0
1901,5,1901.37,17
1901,6,1901.46,9.7
1901,7,1901.54,1.2
1901,8,1901.62,1.7
1901,9,1901.71,0.9
1901,10,1901.79,6.3
1901,11,1901.87,6.4
1901,12,1901.96,0
1902,1,1902.04,9.3
1902,2,1902.12,0
1902,3,1902.2,20.7
1902,4,1902.29,0
1902,5,1902.37,4.7
1902,6,1902.46,2.4
1902,7,1902.54,1.5
1902,8,1902.62,3.8
1902,9,1902.71,12.6
1902,10,1902.79,27.2
1902,11,1902.87,17.2
1902,12,1902.96,1.8
1903,1,1903.04,13.9
1903,2,1903.12,28.4
1903,3,1903.2,22.5
1903,4,1903.29,43.5
1903,5,1903.37,24.3
1903,6,1903.46,27.2
1903,7,1903.54,46.4
1903,8,1903.62,48
1903,9,1903.71,18.5
1903,10,1903.79,64.8
1903,11,1903.87,74.2
1903,12,1903.96,76.2
1904,1,1904.04,52.6
1904,2,1904.12,40.8
1904,3,1904.21,61.9
1904,4,1904.29,71.6
1904,5,1904.37,65.7
1904,6,1904.46,69.8
1904,7,1904.54,84.3
1904,8,1904.62,97.1
1904,9,1904.71,50.2
1904,10,1904.79,90.4
1904,11,1904.87,63.4
1904,12,1904.96,91.1
1905,1,1905.04,91.2
1905,2,1905.12,143
1905,3,1905.2,94.3
1905,4,1905.29,65.5
1905,5,1905.37,79.9
1905,6,1905.46,81.6
1905,7,1905.54,121.6
1905,8,1905.62,98.1
1905,9,1905.71,91.8
1905,10,1905.79,131.2
1905,11,1905.87,178.7
1905,12,1905.96,92.5
1906,1,1906.04,75.8
1906,2,1906.12,52.3
1906,3,1906.2,107.4
1906,4,1906.29,92.2
1906,5,1906.37,96.2
1906,6,1906.46,105.3
1906,7,1906.54,172.7
1906,8,1906.62,79.6
1906,9,1906.71,93.5
1906,10,1906.79,29.7
1906,11,1906.87,64.8
1906,12,1906.96,108
1907,1,1907.04,127.4
1907,2,1907.12,180.3
1907,3,1907.2,101.1
1907,4,1907.29,87.6
1907,5,1907.37,71.4
1907,6,1907.46,67.2
1907,7,1907.54,82.9
1907,8,1907.62,90.5
1907,9,1907.71,141.7
1907,10,1907.79,109.1
1907,11,1907.87,102.5
1907,12,1907.96,78.9
1908,1,1908.04,65.4
1908,2,1908.12,56.6
1908,3,1908.21,47.9
1908,4,1908.29,96.1
1908,5,1908.37,68
1908,6,1908.46,80.2
1908,7,1908.54,65.8
1908,8,1908.62,150.9
1908,9,1908.71,144.9
1908,10,1908.79,53.9
1908,11,1908.87,75.9
1908,12,1908.96,65.9
1909,1,1909.04,94.6
1909,2,1909.12,77.6
1909,3,1909.2,110.5
1909,4,1909.29,53.7
1909,5,1909.37,60
1909,6,1909.46,37.8
1909,7,1909.54,59.6
1909,8,1909.62,38.5
1909,9,1909.71,64.7
1909,10,1909.79,97.4
1909,11,1909.87,93
1909,12,1909.96,90.2
1910,1,1910.04,44
1910,2,1910.12,52.5
1910,3,1910.2,35.7
1910,4,1910.29,14.1
1910,5,1910.37,36.9
1910,6,1910.46,20.5
1910,7,1910.54,23.5
1910,8,1910.62,19.3
1910,9,1910.71,43.7
1910,10,1910.79,63.9
1910,11,1910.87,8.3
1910,12,1910.96,9.6
1911,1,1911.04,5.6
1911,2,1911.12,15
1911,3,1911.2,13
1911,4,1911.29,27.6
1911,5,1911.37,15.1
1911,6,1911.46,3.7
1911,7,1911.54,5.9
1911,8,1911.62,6.7
1911,9,1911.71,6.7
1911,10,1911.79,4.5
1911,11,1911.87,7
1911,12,1911.96,3.7
1912,1,1912.04,0.4
1912,2,1912.12,0
1912,3,1912.21,8.2
1912,4,1912.29,7.6
1912,5,1912.37,7.4
1912,6,1912.46,6.9
1912,7,1912.54,4.9
1912,8,1912.62,0.5
1912,9,1912.71,15.9
1912,10,1912.79,7.6
1912,11,1912.87,1.9
1912,12,1912.96,10.6
1913,1,1913.04,3.8
1913,2,1913.12,4.8
1913,3,1913.2,0.8
1913,4,1913.29,1.6
1913,5,1913.37,0
1913,6,1913.46,0
1913,7,1913.54,2.9
1913,8,1913.62,0.4
1913,9,1913.71,2
1913,10,1913.79,5.2
1913,11,1913.87,1.2
1913,12,1913.96,6.3
1914,1,1914.04,4.7
1914,2,1914.12,4.4
1914,3,1914.2,5.3
1914,4,1914.29,28.9
1914,5,1914.37,8.7
1914,6,1914.46,19.1
1914,7,1914.54,9.1
1914,8,1914.62,12.9
1914,9,1914.71,21.2
1914,10,1914.79,13.7
1914,11,1914.87,27.3
1914,12,1914.96,37.3
1915,1,1915.04,38.5
1915,2,1915.12,70.4
1915,3,1915.2,64.8
1915,4,1915.29,68.9
1915,5,1915.37,55.1
1915,6,1915.46,114.7
1915,7,1915.54,119.4
1915,8,1915.62,116
1915,9,1915.71,82.4
1915,10,1915.79,89.1
1915,11,1915.87,70.9
1915,12,1915.96,57.5
1916,1,1916.04,75.5
1916,2,1916.12,92.4
1916,3,1916.21,111.7
1916,4,1916.29,119.8
1916,5,1916.37,124
1916,6,1916.46,112.9
1916,7,1916.54,89.3
1916,8,1916.62,58.6
1916,9,1916.71,75.1
1916,10,1916.79,84.5
1916,11,1916.87,109.5
1916,12,1916.96,88.3
1917,1,1917.04,124.5
1917,2,1917.12,119.9
1917,3,1917.2,158
1917,4,1917.29,124.6
1917,5,1917.37,190.2
1917,6,1917.46,191.4
1917,7,1917.54,199.7
1917,8,1917.62,257.7
1917,9,1917.71,215.6
1917,10,1917.79,120.3
1917,11,1917.87,160.7
1917,12,1917.96,215.5
1918,1,1918.04,160
1918,2,1918.12,108.7
1918,3,1918.2,120.4
1918,4,1918.29,134.1
1918,5,1918.37,127.9
1918,6,1918.46,99
1918,7,1918.54,179.5
1918,8,1918.62,169.6
1918,9,1918.71,133.2
1918,10,1918.79,141.7
1918,11,1918.87,139
1918,12,1918.96,98.5
1919,1,1919.04,80.2
1919,2,1919.12,132.5
1919,3,1919.2,110.9
1919,4,1919.29,86.3
1919,5,1919.37,146.9
1919,6,1919.46,185.3
1919,7,1919.54,107.8
1919,8,1919.62,115.1
1919,9,1919.71,91.1
1919,10,1919.79,88
1919,11,1919.87,69.9
1919,12,1919.96,58
1920,1,1920.04,85.3
1920,2,1920.12,89.8
1920,3,1920.21,116.9
1920,4,1920.29,24.7
1920,5,1920.37,55.4
1920,6,1920.46,64.6
1920,7,1920.54,45.7
1920,8,1920.62,31.9
1920,9,1920.71,60.5
1920,10,1920.79,82.7
1920,11,1920.87,45.3
1920,12,1920.96,49.8
1921,1,1921.04,52.5
1921,2,1921.12,47.1
1921,3,1921.2,44.5
1921,4,1921.29,54
1921,5,1921.37,37
1921,6,1921.46,56.2
1921,7,1921.54,69.7
1921,8,1921.62,38
1921,9,1921.71,29.6
1921,10,1921.79,30.3
1921,11,1921.87,29.6
1921,12,1921.96,33.9
1922,1,1922.04,19.7
1922,2,1922.12,43.9
1922,3,1922.2,91.3
1922,4,1922.29,18.3
1922,5,1922.37,13.4
1922,6,1922.46,9.8
1922,7,1922.54,18.3
1922,8,1922.62,10.9
1922,9,1922.71,7.8
1922,10,1922.79,10.4
1922,11,1922.87,12.2
1922,12,1922.96,29
1923,1,1923.04,7.5
1923,2,1923.12,2.5
1923,3,1923.2,5.5
1923,4,1923.29,10.2
1923,5,1923.37,5.3
1923,6,1923.46,15.3
1923,7,1923.54,5.9
1923,8,1923.62,0.8
1923,9,1923.71,22.1
1923,10,1923.79,19.5
1923,11,1923.87,16.7
1923,12,1923.96,4.6
1924,1,1924.04,0.8
1924,2,1924.12,8.5
1924,3,1924.21,3
1924,4,1924.29,18.9
1924,5,1924.37,34.6
1924,6,1924.46,40
1924,7,1924.54,46.9
1924,8,1924.62,32.1
1924,9,1924.71,41.9
1924,10,1924.79,42.6
1924,11,1924.87,37.5
1924,12,1924.96,27.5
1925,1,1925.04,9.1
1925,2,1925.12,38.6
1925,3,1925.2,30
1925,4,1925.29,53
1925,5,1925.37,71.4
1925,6,1925.46,79.1
1925,7,1925.54,64.2
1925,8,1925.62,63.3
1925,9,1925.71,100.3
1925,10,1925.79,115.3
1925,11,1925.87,97.6
1925,12,1925.96,164.4
1926,1,1926.04,119.7
1926,2,1926.12,116.4
1926,3,1926.2,104.2
1926,4,1926.29,64.2
1926,5,1926.37,107
1926,6,1926.46,122.4
1926,7,1926.54,87.2
1926,8,1926.62,102.7
1926,9,1926.71,101.4
1926,10,1926.79,119.3
1926,11,1926.87,100.8
1926,12,1926.96,132.4
1927,1,1927.04,136
1927,2,1927.12,155.1
1927,3,1927.2,116.1
1927,4,1927.29,155.8
1927,5,1927.37,131.9
1927,6,1927.46,98.5
1927,7,1927.54,91.6
1927,8,1927.62,89.6
1927,9,1927.71,114.1
1927,10,1927.79,105.2
1927,11,1927.87,112.1
1927,12,1927.96,75.3
1928,1,1928.04,139.2
1928,2,1928.12,122.4
1928,3,1928.21,142.4
1928,4,1928.29,134.3
1928,5,1928.37,128.3
1928,6,1928.46,152.4
1928,7,1928.54,163.4
1928,8,1928.62,139.6
1928,9,1928.71,149.6
1928,10,1928.79,102.3
1928,11,1928.87,83.9
1928,12,1928.96,98.3
1929,1,1929.04,114.8
1929,2,1929.12,104.7
1929,3,1929.2,83.8
1929,4,1929.29,87.9
1929,5,1929.37,97
1929,6,1929.46,119.9
1929,7,1929.54,117.1
1929,8,1929.62,109.6
1929,9,1929.71,57.3
1929,10,1929.79,90.1
1929,11,1929.87,135.1
1929,12,1929.96,179.9
1930,1,1930.04,108.8
1930,2,1930.12,83.1
1930,3,1930.2,58.4
1930,4,1930.29,63.7
1930,5,1930.37,61.4
1930,6,1930.46,48
1930,7,1930.54,36.5
1930,8,1930.62,41.5
1930,9,1930.71,53.5
1930,10,1930.79,57.2
1930,11,1930.87,59.4
1930,12,1930.96,43
1931,1,1931.04,24.4
1931,2,1931.12,71.8
1931,3,1931.2,50.1
1931,4,1931.29,52
1931,5,1931.37,40.8
1931,6,1931.46,25.5
1931,7,1931.54,29
1931,8,1931.62,21.6
1931,9,1931.71,31.7
1931,10,1931.79,16.6
1931,11,1931.87,31.2
1931,12,1931.96,29.7
1932,1,1932.04,20.1
1932,2,1932.12,17.6
1932,3,1932.21,18.8
1932,4,1932.29,18.7
1932,5,1932.37,29.7
1932,6,1932.46,36.9
1932,7,1932.54,16
1932,8,1932.62,11.3
1932,9,1932.71,6.6
1932,10,1932.79,14.8
1932,11,1932.87,13.7
1932,12,1932.96,18.5
1933,1,1933.04,20.4
1933,2,1933.12,36.9
1933,3,1933.2,16.8
1933,4,1933.29,4.9
1933,5,1933.37,5.3
1933,6,1933.46,8.7
1933,7,1933.54,4.7
1933,8,1933.62,0.4
1933,9,1933.71,8.5
1933,10,1933.79,5
1933,11,1933.87,1
1933,12,1933.96,0.4
1934,1,1934.04,5.7
1934,2,1934.12,12.9
1934,3,1934.2,7.2
1934,4,1934.29,18.8
1934,5,1934.37,32.9
1934,6,1934.46,11.2
1934,7,1934.54,15.3
1934,8,1934.62,13.9
1934,9,1934.71,6.7
1934,10,1934.79,9.5
1934,11,1934.87,14.5
1934,12,1934.96,25.7
1935,1,1935.04,31.1
1935,2,1935.12,34.1
1935,3,1935.2,38.5
1935,4,1935.29,20.4
1935,5,1935.37,45.4
1935,6,1935.46,76.2
1935,7,1935.54,56.5
1935,8,1935.62,50.2
1935,9,1935.71,70.1
1935,10,1935.79,88.7
1935,11,1935.87,107
1935,12,1935.96,102.5
1936,1,1936.04,104.7
1936,2,1936.12,123.9
1936,3,1936.21,128.4
1936,4,1936.29,124.8
1936,5,1936.37,90.9
1936,6,1936.46,116.7
1936,7,1936.54,87.2
1936,8,1936.62,145
1936,9,1936.71,126.7
1936,10,1936.79,148.2
1936,11,1936.87,192.3
1936,12,1936.96,205.6
1937,1,1937.04,220.9
1937,2,1937.12,214.1
1937,3,1937.2,139.7
1937,4,1937.29,182.2
1937,5,1937.37,194.4
1937,6,1937.46,217.1
1937,7,1937.54,241.8
1937,8,1937.62,229.5
1937,9,1937.71,167.9
1937,10,1937.79,208.2
1937,11,1937.87,123.9
1937,12,1937.96,147.9
1938,1,1938.04,164
1938,2,1938.12,198.6
1938,3,1938.2,144.2
1938,4,1938.29,168.4
1938,5,1938.37,212.3
1938,6,1938.46,162.6
1938,7,1938.54,275.6
1938,8,1938.62,192.8
1938,9,1938.71,149.3
1938,10,1938.79,165.3
1938,11,1938.87,203.6
1938,12,1938.96,154.7
1939,1,1939.04,133.9
1939,2,1939.12,129
1939,3,1939.2,107.8
1939,4,1939.29,181.9
1939,5,1939.37,197.3
1939,6,1939.46,168.3
1939,7,1939.54,162.6
1939,8,1939.62,176.3
1939,9,1939.71,187.7
1939,10,1939.79,146.9
1939,11,1939.87,113.7
1939,12,1939.96,70.2
1940,1,1940.04,84.1
1940,2,1940.12,99.1
1940,3,1940.21,138.9
1940,4,1940.29,101.1
1940,5,1940.37,90.6
1940,6,1940.46,139.8
1940,7,1940.54,112.5
1940,8,1940.62,175.9
1940,9,1940.71,110.8
1940,10,1940.79,91.5
1940,11,1940.87,97.4
1940,12,1940.96,113.8
1941,1,1941.04,76.1
1941,2,1941.12,74.3
1941,3,1941.2,77.5
1941,4,1941.29,54.6
1941,5,1941.37,49
1941,6,1941.46,99.6
1941,7,1941.54,111.4
1941,8,1941.62,100.1
1941,9,1941.71,109.8
1941,10,1941.79,77.2
1941,11,1941.87,64
1941,12,1941.96,56.2
1942,1,1942.04,59.5
1942,2,1942.12,87.9
1942,3,1942.2,90.4
1942,4,1942.29,101.2
1942,5,1942.37,41.8
1942,6,1942.46,18.9
1942,7,1942.54,29.6
1942,8,1942.62,33.7
1942,9,1942.71,28.7
1942,10,1942.79,32
1942,11,1942.87,51.3
1942,12,1942.96,37.6
1943,1,1943.04,20.7
1943,2,1943.12,48.1
1943,3,1943.2,45.7
1943,4,1943.29,43.5
1943,5,1943.37,23.6
1943,6,1943.46,12.7
1943,7,1943.54,22
1943,8,1943.62,32.3
1943,9,1943.71,16.7
1943,10,1943.79,13
1943,11,1943.87,17
1943,12,1943.96,31.4
1944,1,1944.04,6.1
1944,2,1944.12,0.8
1944,3,1944.21,18.3
1944,4,1944.29,0.4
1944,5,1944.37,4.1
1944,6,1944.46,8.2
1944,7,1944.54,8.5
1944,8,1944.62,27.9
1944,9,1944.71,23.7
1944,10,1944.79,28.1
1944,11,1944.87,17.9
1944,12,1944.96,47.4
1945,1,1945.04,30.8
1945,2,1945.12,21.2
1945,3,1945.2,35.9
1945,4,1945.29,53.4
1945,5,1945.37,51
1945,6,1945.46,60.2
1945,7,1945.54,71
1945,8,1945.62,43.1
1945,9,1945.71,58.1
1945,10,1945.79,114.5
1945,11,1945.87,76.6
1945,12,1945.96,45.7
1946,1,1946.04,79.3
1946,2,1946.12,143.8
1946,3,1946.2,127.7
1946,4,1946.29,126.1
1946,5,1946.37,141.6
1946,6,1946.46,122.6
1946,7,1946.54,193.7
1946,8,1946.62,178.7
1946,9,1946.71,157.4
1946,10,1946.79,170.5
1946,11,1946.87,206.3
1946,12,1946.96,202.9
1947,1,1947.04,163.7
1947,2,1947.12,188.9
1947,3,1947.2,183.8
1947,4,1947.29,212.1
1947,5,1947.37,285
1947,6,1947.46,232.1
1947,7,1947.54,223.5
1947,8,1947.62,267.4
1947,9,1947.71,239.9
1947,10,1947.79,231.7
1947,11,1947.87,181.3
1947,12,1947.96,164.9
1948,1,1948.04,153.6
1948,2,1948.12,122
1948,3,1948.21,134.3
1948,4,1948.29,268.5
1948,5,1948.37,246.4
1948,6,1948.46,237.5
1948,7,1948.54,201.4
1948,8,1948.62,223.7
1948,9,1948.71,202.9
1948,10,1948.79,192.9
1948,11,1948.87,135.6
1948,12,1948.96,195.3
1949,1,1949.04,168.6
1949,2,1949.12,258
1949,3,1949.2,223
1949,4,1949.29,208.1
1949,5,1949.37,150.4
1949,6,1949.46,172.4
1949,7,1949.54,178.3
1949,8,1949.62,175.3
1949,9,1949.71,205.8
1949,10,1949.79,186.3
1949,11,1949.87,203.2
1949,12,1949.96,166.6
1950,1,1950.04,143.9
1950,2,1950.12,134.3
1950,3,1950.2,155.4
1950,4,1950.29,160.6
1950,5,1950.37,150.5
1950,6,1950.46,118.3
1950,7,1950.54,128.9
1950,8,1950.62,120.6
1950,9,1950.71,72.7
1950,10,1950.79,87
1950,11,1950.87,77.7
1950,12,1950.96,76.7
1951,1,1951.04,85
1951,2,1951.12,84.8
1951,3,1951.2,79.3
1951,4,1951.29,131.7
1951,5,1951.37,153.7
1951,6,1951.46,142.4
1951,7,1951.54,87.2
1951,8,1951.62,86.5
1951,9,1951.71,117.7
1951,10,1951.79,73.3
1951,11,1951.87,74.2
1951,12,1951.96,65
1952,1,1952.04,57.9
1952,2,1952.12,32.4
1952,3,1952.21,31.5
1952,4,1952.29,41.7
1952,5,1952.37,33.6
1952,6,1952.46,52
1952,7,1952.54,56.1
1952,8,1952.62,77.8
1952,9,1952.71,40.4
1952,10,1952.79,34.2
1952,11,1952.87,31.8
1952,12,1952.96,48.9
1953,1,1953.04,37.9
1953,2,1953.12,5.9
1953,3,1953.2,14.7
1953,4,1953.29,39.6
1953,5,1953.37,18.3
1953,6,1953.46,31.5
1953,7,1953.54,12.7
1953,8,1953.62,33.6
1953,9,1953.71,28
1953,10,1953.79,12.3
1953,11,1953.87,2.5
1953,12,1953.96,3.9
1954,1,1954.04,0.4
1954,2,1954.12,0.8
1954,3,1954.2,15.8
1954,4,1954.29,2.7
1954,5,1954.37,1.2
1954,6,1954.46,0.4
1954,7,1954.54,7.3
1954,8,1954.62,12.6
1954,9,1954.71,2.3
1954,10,1954.79,10.5
1954,11,1954.87,13.4
1954,12,1954.96,11.3
1955,1,1955.04,33.4
1955,2,1955.12,29.9
1955,3,1955.2,7.3
1955,4,1955.29,16.4
1955,5,1955.37,41.3
1955,6,1955.46,45.2
1955,7,1955.54,38.2
1955,8,1955.62,58
1955,9,1955.71,60.8
1955,10,1955.79,83
1955,11,1955.87,126.3
1955,12,1955.96,108.8
1956,1,1956.04,104.1
1956,2,1956.12,175.6
1956,3,1956.21,167.7
1956,4,1956.29,156.7
1956,5,1956.37,193.4
1956,6,1956.46,165.1
1956,7,1956.54,182.7
1956,8,1956.62,240.2
1956,9,1956.71,245.4
1956,10,1956.79,219.9
1956,11,1956.87,285
1956,12,1956.96,272
1957,1,1957.04,233.7
1957,2,1957.12,184.5
1957,3,1957.2,222.8
1957,4,1957.29,248
1957,5,1957.37,233
1957,6,1957.46,284.3
1957,7,1957.54,265.1
1957,8,1957.62,223.7
1957,9,1957.71,334
1957,10,1957.79,359.4
1957,11,1957.87,298.6
1957,12,1957.96,339
1958,1,1958.04,286.7
1958,2,1958.12,233.6
1958,3,1958.2,270
1958,4,1958.29,277.6
1958,5,1958.37,248.2
1958,6,1958.46,242.9
1958,7,1958.54,271
1958,8,1958.62,283.5
1958,9,1958.71,285.1
1958,10,1958.79,256.9
1958,11,1958.87,215.6
1958,12,1958.96,265.7
1959,1,1959.04,307.7
1959,2,1959.12,202.6
1959,3,1959.2,263
1959,4,1959.29,231.3
1959,5,1959.37,243.6
1959,6,1959.46,238.9
1959,7,1959.54,211.9
1959,8,1959.62,282.6
1959,9,1959.71,205.6
1959,10,1959.79,157.7
1959,11,1959.87,175.6
1959,12,1959.96,177.1
1960,1,1960.04,207.2
1960,2,1960.12,149.9
1960,3,1960.21,144.6
1960,4,1960.29,172.7
1960,5,1960.37,169.3
1960,6,1960.46,156
1960,7,1960.54,172.4
1960,8,1960.62,190
1960,9,1960.71,180.1
1960,10,1960.79,117.3
1960,11,1960.87,126.9
1960,12,1960.96,121.2
1961,1,1961.04,82.1
1961,2,1961.12,65.4
1961,3,1961.2,75.2
1961,4,1961.29,86.9
1961,5,1961.37,72.3
1961,6,1961.46,109.5
1961,7,1961.54,99.3
1961,8,1961.62,79.2
1961,9,1961.71,90.1
1961,10,1961.79,53.7
1961,11,1961.87,46.5
1961,12,1961.96,56.9
1962,1,1962.04,55.1
1962,2,1962.12,71.7
1962,3,1962.2,64.9
1962,4,1962.29,65.9
1962,5,1962.37,61.9
1962,6,1962.46,59.6
1962,7,1962.54,31.4
1962,8,1962.62,31.5
1962,9,1962.71,72.7
1962,10,1962.79,56.1
1962,11,1962.87,38.8
1962,12,1962.96,33.2
1963,1,1963.04,28.7
1963,2,1963.12,35.2
1963,3,1963.2,24.8
1963,4,1963.29,41.7
1963,5,1963.37,61.1
1963,6,1963.46,51.2
1963,7,1963.54,28.7
1963,8,1963.62,47.5
1963,9,1963.71,55.2
1963,10,1963.79,50.1
1963,11,1963.87,33.7
1963,12,1963.96,21.6
1964,1,1964.04,22.6
1964,2,1964.12,25.3
1964,3,1964.21,24.1
1964,4,1964.29,12.9
1964,5,1964.37,14.3
1964,6,1964.46,13.5
1964,7,1964.54,4.8
1964,8,1964.62,13.8
1964,9,1964.71,7
1964,10,1964.79,9.2
1964,11,1964.87,11.1
1964,12,1964.96,22.1
1965,1,1965.04,25.4
1965,2,1965.12,20.8
1965,3,1965.2,17.5
1965,4,1965.29,10.2
1965,5,1965.37,34.5
1965,6,1965.46,23.3
1965,7,1965.54,17.3
1965,8,1965.62,13.3
1965,9,1965.71,24.5
1965,10,1965.79,29.1
1965,11,1965.87,22.8
1965,12,1965.96,24.7
1966,1,1966.04,40.3
1966,2,1966.12,35.3
1966,3,1966.2,36.4
1966,4,1966.29,69
1966,5,1966.37,64.2
1966,6,1966.46,67.7
1966,7,1966.54,80.2
1966,8,1966.62,72.6
1966,9,1966.71,71.1
1966,10,1966.79,81.2
1966,11,1966.87,81
1966,12,1966.96,99.8
1967,1,1967.04,157
1967,2,1967.12,132.6
1967,3,1967.2,158.3
1967,4,1967.29,98.4
1967,5,1967.37,122.5
1967,6,1967.46,95.4
1967,7,1967.54,129.5
1967,8,1967.62,151.8
1967,9,1967.71,108.7
1967,10,1967.79,125
1967,11,1967.87,133.6
1967,12,1967.96,179
1968,1,1968.04,172.5
1968,2,1968.12,158.5
1968,3,1968.21,130.5
1968,4,1968.29,115
1968,5,1968.37,180
1968,6,1968.46,156.2
1968,7,1968.54,136.2
1968,8,1968.62,154.8
1968,9,1968.71,166
1968,10,1968.79,152.5
1968,11,1968.87,121.7
1968,12,1968.96,155.5
1969,1,1969.04,147.8
1969,2,1969.12,170.5
1969,3,1969.2,192.3
1969,4,1969.29,151.1
1969,5,1969.37,169.9
1969,6,1969.46,150.1
1969,7,1969.54,137.1
1969,8,1969.62,138.8
1969,9,1969.71,129.3
1969,10,1969.79,135.4
1969,11,1969.87,132.4
1969,12,1969.96,138.6
1970,1,1970.04,157.9
1970,2,1970.12,180.8
1970,3,1970.2,145.7
1970,4,1970.29,155.1
1970,5,1970.37,180.5
1970,6,1970.46,151.3
1970,7,1970.54,159.3
1970,8,1970.62,131.7
1970,9,1970.71,140.8
1970,10,1970.79,122.6
1970,11,1970.87,134.8
1970,12,1970.96,118.2
1971,1,1971.04,129.2
1971,2,1971.12,111.8
1971,3,1971.2,85.9
1971,4,1971.29,101.6
1971,5,1971.37,81.5
1971,6,1971.46,70.7
1971,7,1971.54,114.7
1971,8,1971.62,87
1971,9,1971.71,71.3
1971,10,1971.79,73.4
1971,11,1971.87,89.5
1971,12,1971.96,116.5
1972,1,1972.04,87
1972,2,1972.12,125.3
1972,3,1972.21,113.5
1972,4,1972.29,89.6
1972,5,1972.37,113.9
1972,6,1972.46,124.7
1972,7,1972.54,108.3
1972,8,1972.62,108.9
1972,9,1972.71,90.7
1972,10,1972.79,86.9
1972,11,1972.87,59.2
1972,12,1972.96,64.3
1973,1,1973.04,61.8
1973,2,1973.12,60.9
1973,3,1973.2,65.4
1973,4,1973.29,81.8
1973,5,1973.37,60.3
1973,6,1973.46,56.1
1973,7,1973.54,33.2
1973,8,1973.62,36.6
1973,9,1973.71,84.1
1973,10,1973.79,43.7
1973,11,1973.87,34.3
1973,12,1973.96,33.3
1974,1,1974.04,39.4
1974,2,1974.12,37.3
1974,3,1974.2,30.9
1974,4,1974.29,57.5
1974,5,1974.37,56.3
1974,6,1974.46,51.5
1974,7,1974.54,79.1
1974,8,1974.62,47.9
1974,9,1974.71,57.2
1974,10,1974.79,67.2
1974,11,1974.87,35.9
1974,12,1974.96,29.6
1975,1,1975.04,27.3
1975,2,1975.12,16.7
1975,3,1975.2,16.9
1975,4,1975.29,7.7
1975,5,1975.37,13.1
1975,6,1975.46,16.7
1975,7,1975.54,40.4
1975,8,1975.62,56.7
1975,9,1975.71,20.3
1975,10,1975.79,13.6
1975,11,1975.87,27.9
1975,12,1975.96,11.6
1976,1,1976.04,11.9
1976,2,1976.12,6.4
1976,3,1976.21,31.5
1976,4,1976.29,27.3
1976,5,1976.37,18.2
1976,6,1976.46,17.9
1976,7,1976.54,2.9
1976,8,1976.62,24.1
1976,9,1976.71,20
1976,10,1976.79,29.7
1976,11,1976.87,7.9
1976,12,1976.96,22.3
1977,1,1977.04,23.8
1977,2,1977.12,33.3
1977,3,1977.2,13
1977,4,1977.29,19
1977,5,1977.37,27
1977,6,1977.46,54.9
1977,7,1977.54,30.6
1977,8,1977.62,43
1977,9,1977.71,62.4
1977,10,1977.79,62.1
1977,11,1977.87,41.6
1977,12,1977.96,61.4
1978,1,1978.04,73.7
1978,2,1978.12,132.6
1978,3,1978.2,108.4
1978,4,1978.29,141.2
1978,5,1978.37,117.1
1978,6,1978.46,134.6
1978,7,1978.54,99.7
1978,8,1978.62,82.4
1978,9,1978.71,195.7
1978,10,1978.79,177.1
1978,11,1978.87,138.5
1978,12,1978.96,173.9
1979,1,1979.04,235.9
1979,2,1979.12,194.7
1979,3,1979.2,195.3
1979,4,1979.29,143.7
1979,5,1979.37,190.3
1979,6,1979.46,211.7
1979,7,1979.54,225.7
1979,8,1979.62,201.4
1979,9,1979.71,266.9
1979,10,1979.79,263.6
1979,11,1979.87,259.5
1979,12,1979.96,249.6
1980,1,1980.04,226.1
1980,2,1980.12,219.4
1980,3,1980.21,178.7
1980,4,1980.29,232.2
1980,5,1980.37,254.7
1980,6,1980.46,222.7
1980,7,1980.54,192.9
1980,8,1980.62,191.7
1980,9,1980.71,219.6
1980,10,1980.79,233.3
1980,11,1980.87,209.5
1980,12,1980.96,246.9
1981,1,1981.04,156.6
1981,2,1981.12,189.9
1981,3,1981.2,196.6
1981,4,1981.29,225.3
1981,5,1981.37,194.7
1981,6,1981.46,131.6
1981,7,1981.54,205.3
1981,8,1981.62,242.5
1981,9,1981.71,245.3
1981,10,1981.79,216.2
1981,11,1981.87,186
1981,12,1981.96,195.4
1982,1,1982.04,149.8
1982,2,1982.12,230.9
1982,3,1982.2,221.1
1982,4,1982.29,170.3
1982,5,1982.37,119.3
1982,6,1982.46,163.7
1982,7,1982.54,139.4
1982,8,1982.62,161.9
1982,9,1982.71,167.4
1982,10,1982.79,134.3
1982,11,1982.87,127.5
1982,12,1982.96,169
1983,1,1983.04,115.5
1983,2,1983.12,73.1
1983,3,1983.2,88.7
1983,4,1983.29,109.6
1983,5,1983.37,132.5
1983,6,1983.46,131.5
1983,7,1983.54,108.9
1983,8,1983.62,96
1983,9,1983.71,69.9
1983,10,1983.79,72.5
1983,11,1983.87,45.7
1983,12,1983.96,45.6
1984,1,1984.04,74.8
1984,2,1984.12,110.2
1984,3,1984.21,116.7
1984,4,1984.29,90.4
1984,5,1984.37,96.9
1984,6,1984.46,65.1
1984,7,1984.54,55.7
1984,8,1984.62,35
1984,9,1984.71,22.6
1984,10,1984.79,12.6
1984,11,1984.87,26.5
1984,12,1984.96,21.4
1985,1,1985.04,17.8
1985,2,1985.12,20.7
1985,3,1985.2,16.9
1985,4,1985.29,20.4
1985,5,1985.37,32.4
1985,6,1985.46,28.3
1985,7,1985.54,39.9
1985,8,1985.62,10.1
1985,9,1985.71,4.3
1985,10,1985.79,22
1985,11,1985.87,17.9
1985,12,1985.96,15.8
1986,1,1986.04,2.8
1986,2,1986.12,27.9
1986,3,1986.2,13.8
1986,4,1986.29,22.4
1986,5,1986.37,16.1
1986,6,1986.46,0.6
1986,7,1986.54,18.1
1986,8,1986.62,9.9
1986,9,1986.71,5.1
1986,10,1986.79,40.1
1986,11,1986.87,15.4
1986,12,1986.96,5.8
1987,1,1987.04,9.8
1987,2,1987.12,3.4
1987,3,1987.2,17.4
1987,4,1987.29,46
1987,5,1987.37,39.1
1987,6,1987.46,18.8
1987,7,1987.54,38.2
1987,8,1987.62,47.9
1987,9,1987.71,42.2
1987,10,1987.79,63.4
1987,11,1987.87,48.8
1987,12,1987.96,29.1
1988,1,1988.04,70.5
1988,2,1988.12,45.4
1988,3,1988.21,91.2
1988,4,1988.29,108.8
1988,5,1988.37,74.2
1988,6,1988.46,124.3
1988,7,1988.54,131.4
1988,8,1988.62,139.4
1988,9,1988.71,142.7
1988,10,1988.79,156.5
1988,11,1988.87,156.8
1988,12,1988.96,231.2
1989,1,1989.04,210.1
1989,2,1989.12,208.7
1989,3,1989.2,170.4
1989,4,1989.29,166.3
1989,5,1989.37,195.4
1989,6,1989.46,284.5
1989,7,1989.54,180.5
1989,8,1989.62,232
1989,9,1989.71,225.1
1989,10,1989.79,212.2
1989,11,1989.87,238.2
1989,12,1989.96,211.4
1990,1,1990.04,227.4
1990,2,1990.12,171.8
1990,3,1990.2,191.7
1990,4,1990.29,189.7
1990,5,1990.37,175.2
1990,6,1990.46,153.3
1990,7,1990.54,191.1
1990,8,1990.62,252.1
1990,9,1990.71,169.1
1990,10,1990.79,199.4
1990,11,1990.87,178.8
1990,12,1990.96,197.1
1991,1,1991.04,195.3
1991,2,1991.12,240.3
1991,3,1991.2,197
1991,4,1991.29,197.6
1991,5,1991.37,166.9
1991,6,1991.46,224.7
1991,7,1991.54,240.2
1991,8,1991.62,240.8
1991,9,1991.71,168.9
1991,10,1991.79,197.1
1991,11,1991.87,159.5
1991,12,1991.96,212.6
1992,1,1992.04,198.3
1992,2,1992.12,230.7
1992,3,1992.21,151
1992,4,1992.29,142.2
1992,5,1992.37,94.3
1992,6,1992.46,98.5
1992,7,1992.54,114.2
1992,8,1992.62,91.9
1992,9,1992.71,94
1992,10,1992.79,133.4
1992,11,1992.87,129.6
1992,12,1992.96,122
1993,1,1993.04,81.4
1993,2,1993.12,127.8
1993,3,1993.2,102.4
1993,4,1993.29,94.4
1993,5,1993.37,78.8
1993,6,1993.46,69.6
1993,7,1993.54,80.4
1993,8,1993.62,62.5
1993,9,1993.71,31.2
1993,10,1993.79,71.1
1993,11,1993.87,48.2
1993,12,1993.96,68.4
1994,1,1994.04,84.9
1994,2,1994.12,54.9
1994,3,1994.2,47.5
1994,4,1994.29,27.4
1994,5,1994.37,29.8
1994,6,1994.46,39.7
1994,7,1994.54,50.6
1994,8,1994.62,34.3
1994,9,1994.71,40.5
1994,10,1994.79,67.1
1994,11,1994.87,29.5
1994,12,1994.96,32.2
1995,1,1995.04,32.6
1995,2,1995.12,45.8
1995,3,1995.2,46.3
1995,4,1995.29,21.6
1995,5,1995.37,19.4
1995,6,1995.46,22.5
1995,7,1995.54,20.4
1995,8,1995.62,18.2
1995,9,1995.71,15.7
1995,10,1995.79,30.6
1995,11,1995.87,14
1995,12,1995.96,14.9
1996,1,1996.04,13.3
1996,2,1996.12,7.7
1996,3,1996.21,12.6
1996,4,1996.29,6.8
1996,5,1996.37,7.6
1996,6,1996.46,16.5
1996,7,1996.54,11.8
1996,8,1996.62,19.7
1996,9,1996.71,3
1996,10,1996.79,0.7
1996,11,1996.87,24.9
1996,12,1996.96,14
1997,1,1997.04,7.4
1997,2,1997.12,11
1997,3,1997.2,12.1
1997,4,1997.29,23
1997,5,1997.37,25.4
1997,6,1997.46,20.8
1997,7,1997.54,12.9
1997,8,1997.62,35.7
1997,9,1997.71,59.7
1997,10,1997.79,32.8
1997,11,1997.87,50.4
1997,12,1997.96,55.5
1998,1,1998.04,44.5
1998,2,1998.12,50.2
1998,3,1998.2,82
1998,4,1998.29,70.6
1998,5,1998.37,74
1998,6,1998.46,90.5
1998,7,1998.54,96.7
1998,8,1998.62,121.1
1998,9,1998.71,132
1998,10,1998.79,78.5
1998,11,1998.87,97.3
1998,12,1998.96,119.2
1999,1,1999.04,86
1999,2,1999.12,98
1999,3,1999.2,103.5
1999,4,1999.29,93.6
1999,5,1999.37,149.6
1999,6,1999.46,207.2
1999,7,1999.54,173.5
1999,8,1999.62,142.3
1999,9,1999.71,106.3
1999,10,1999.79,168.7
1999,11,1999.87,188.3
1999,12,1999.96,116.8
2000,1,2000.04,133.1
2000,2,2000.12,165.7
2000,3,2000.21,217.7
2000,4,2000.29,191.5
2000,5,2000.37,165.9
2000,6,2000.46,188
2000,7,2000.54,244.3
2000,8,2000.62,180.5
2000,9,2000.71,156
2000,10,2000.79,141.6
2000,11,2000.87,158.1
2000,12,2000.96,143.3
2001,1,2001.04,142.6
2001,2,2001.12,121.5
2001,3,2001.2,165.8
2001,4,2001.29,161.7
2001,5,2001.37,142.1
2001,6,2001.46,202.9
2001,7,2001.54,123
2001,8,2001.62,161.5
2001,9,2001.71,238.2
2001,10,2001.79,194.1
2001,11,2001.87,176.6
2001,12,2001.96,213.4
2002,1,2002.04,184.6
2002,2,2002.12,170.2
2002,3,2002.2,147.1
2002,4,2002.29,186.9
2002,5,2002.37,187.5
2002,6,2002.46,128.8
2002,7,2002.54,161
2002,8,2002.62,175.6
2002,9,2002.71,187.9
2002,10,2002.79,151.2
2002,11,2002.87,147.2
2002,12,2002.96,135.3
2003,1,2003.04,133.5
2003,2,2003.12,75.7
2003,3,2003.2,100.7
2003,4,2003.29,97.9
2003,5,2003.37,86.8
2003,6,2003.46,118.7
2003,7,2003.54,128.3
2003,8,2003.62,115.4
2003,9,2003.71,78.5
2003,10,2003.79,97.8
2003,11,2003.87,82.9
2003,12,2003.96,72.2
2004,1,2004.04,60.6
2004,2,2004.12,74.6
2004,3,2004.21,74.8
2004,4,2004.29,59.2
2004,5,2004.37,72.8
2004,6,2004.46,66.5
2004,7,2004.54,83.8
2004,8,2004.62,69.7
2004,9,2004.71,48.8
2004,10,2004.79,74.2
2004,11,2004.87,70.1
2004,12,2004.96,28.9
2005,1,2005.04,48.1
2005,2,2005.12,43.5
2005,3,2005.2,39.6
2005,4,2005.29,38.7
2005,5,2005.37,61.9
2005,6,2005.46,56.8
2005,7,2005.54,62.4
2005,8,2005.62,60.5
2005,9,2005.71,37.2
2005,10,2005.79,13.2
2005,11,2005.87,27.5
2005,12,2005.96,59.3
2006,1,2006.04,20.9
2006,2,2006.12,5.7
2006,3,2006.2,17.3
2006,4,2006.29,50.3
2006,5,2006.37,37.2
2006,6,2006.46,24.5
2006,7,2006.54,22.2
2006,8,2006.62,20.8
2006,9,2006.71,23.7
2006,10,2006.79,14.9
2006,11,2006.87,35.7
2006,12,2006.96,22.3
2007,1,2007.04,29.3
2007,2,2007.12,18.4
2007,3,2007.2,7.2
2007,4,2007.29,5.4
2007,5,2007.37,19.5
2007,6,2007.46,21.3
2007,7,2007.54,15.1
2007,8,2007.62,9.8
2007,9,2007.71,4
2007,10,2007.79,1.5
2007,11,2007.87,2.8
2007,12,2007.96,17.3
2008,1,2008.04,4.1
2008,2,2008.12,2.9
2008,3,2008.21,15.5
2008,4,2008.29,3.6
2008,5,2008.37,4.6
2008,6,2008.46,5.2
2008,7,2008.54,0.6
2008,8,2008.62,0.3
2008,9,2008.71,1.2
2008,10,2008.79,4.2
2008,11,2008.87,6.6
2008,12,2008.96,1
2009,1,2009.04,1.3
2009,2,2009.12,1.2
2009,3,2009.2,0.6
2009,4,2009.29,1.2
2009,5,2009.37,2.9
2009,6,2009.46,6.3
2009,7,2009.54,5.5
2009,8,2009.62,0
2009,9,2009.71,7.1
2009,10,2009.79,7.7
2009,11,2009.87,6.9
2009,12,2009.96,16.3
2010,1,2010.04,19.5
2010,2,2010.12,28.5
2010,3,2010.2,24
2010,4,2010.29,10.4
2010,5,2010.37,13.9
2010,6,2010.46,18.8
2010,7,2010.54,25.2
2010,8,2010.62,29.6
2010,9,2010.71,36.4
2010,10,2010.79,33.6
2010,11,2010.87,34.4
2010,12,2010.96,24.5
2011,1,2011.04,27.3
2011,2,2011.12,48.3
2011,3,2011.2,78.6
2011,4,2011.29,76.1
2011,5,2011.37,58.2
2011,6,2011.46,56.1
2011,7,2011.54,64.5
2011,8,2011.62,65.8
2011,9,2011.71,120.1
2011,10,2011.79,125.7
2011,11,2011.87,139.1
2011,12,2011.96,109.3
2012,1,2012.04,94.4
2012,2,2012.12,47.8
2012,3,2012.21,86.6
2012,4,2012.29,85.9
2012,5,2012.37,96.5
2012,6,2012.46,92
2012,7,2012.54,100.1
2012,8,2012.62,94.8
2012,9,2012.71,93.7
2012,10,2012.79,76.5
2012,11,2012.87,87.6
2012,12,2012.96,56.8
2013,1,2013.04,96.1
2013,2,2013.12,60.9
2013,3,2013.2,78.3
2013,4,2013.29,107.3
2013,5,2013.37,120.2
2013,6,2013.46,76.7
2013,7,2013.54,86.2
2013,8,2013.62,91.8
2013,9,2013.71,54.5
2013,10,2013.79,114.4
2013,11,2013.87,113.9
2013,12,2013.96,124.2
2014,1,2014.04,117
2014,2,2014.12,146.1
2014,3,2014.2,128.7
2014,4,2014.29,112.5
2014,5,2014.37,112.5
2014,6,2014.46,102.9
2014,7,2014.54,100.2
2014,8,2014.62,106.9
2014,9,2014.71,130
2014,10,2014.79,90
2014,11,2014.87,103.6
2014,12,2014.96,112.9
2015,1,2015.04,93
2015,2,2015.12,66.7
2015,3,2015.2,54.5
2015,4,2015.29,75.3
2015,5,2015.37,88.8
2015,6,2015.46,66.5
2015,7,2015.54,65.8
2015,8,2015.62,64.4
2015,9,2015.71,78.6
2015,10,2015.79,63.6
2015,11,2015.87,62.2
2015,12,2015.96,58
2016,1,2016.04,57
2016,2,2016.12,56.4
2016,3,2016.21,54.1
2016,4,2016.29,37.9
2016,5,2016.37,51.5
2016,6,2016.46,20.5
2016,7,2016.54,32.4
2016,8,2016.62,50.2
2016,9,2016.71,44.6
2016,10,2016.79,33.4
2016,11,2016.87,21.4
2016,12,2016.96,18.5
2017,1,2017.04,26.1
2017,2,2017.12,26.4
2017,3,2017.2,17.7
2017,4,2017.29,32.3
2017,5,2017.37,18.9
2017,6,2017.45,19.2
2017,7,2017.54,17.8
2017,8,2017.62,32.6
2017,9,2017.71,43.7
2017,10,2017.79,13.2
2017,11,2017.87,5.7
2017,12,2017.96,8.2
2018,1,2018.04,6.8
2018,2,2018.12,10.7
2018,3,2018.2,2.5
2018,4,2018.29,8.9
2018,5,2018.37,13.1
2018,6,2018.45,15.6
2018,7,2018.54,1.6
2018,8,2018.62,8.7
2018,9,2018.71,3.3
2018,10,2018.79,4.9
2018,11,2018.87,4.9
2018,12,2018.96,3.1
2019,1,2019.04,7.7
2019,2,2019.12,0.8
2019,3,2019.2,9.4
2019,4,2019.29,9.1
2019,5,2019.37,9.9
2019,6,2019.45,1.2
2019,7,2019.54,0.9
2019,8,2019.62,0.5
2019,9,2019.71,1.1
2019,10,2019.79,0.4
2019,11,2019.87,0.5
2019,12,2019.96,1.5
2020,1,2020.04,6.2
2020,2,2020.12,0.2
2020,3,2020.21,1.5
2020,4,2020.29,5.2
2020,5,2020.37,0.2
2020,6,2020.46,5.8
2020,7,2020.54,6.1
2020,8,2020.62,7.5
2020,9,2020.71,0.6
2020,10,2020.79,14.6
2020,11,2020.87,34.5
2020,12,2020.96,23.1
2021,1,2021.04,10.4
2021,2,2021.12,8.2
2021,3,2021.2,17.2
2021,4,2021.29,24.5
2021,5,2021.37,21.2
2021,6,2021.45,25.4
2021,7,2021.54,34.4
